Center,Steering
2021_3_27__14_32_59__874958.jpg,0
2021_3_27__14_32_59__904924.jpg,0
2021_3_27__14_33_0__5065.jpg,0
2021_3_27__14_33_0__104677.jpg,0
2021_3_27__14_33_0__204849.jpg,0
2021_3_27__14_33_0__307103.jpg,0
2021_3_27__14_33_0__407485.jpg,0
2021_3_27__14_33_0__507736.jpg,0
2021_3_27__14_33_0__610914.jpg,0
2021_3_27__14_33_0__711023.jpg,0
2021_3_27__14_33_0__811497.jpg,0
2021_3_27__14_33_0__911650.jpg,0
2021_3_27__14_33_1__11815.jpg,0
2021_3_27__14_33_1__111879.jpg,-0.034
2021_3_27__14_33_1__212220.jpg,-0.044
2021_3_27__14_33_1__312605.jpg,-0.065
2021_3_27__14_33_1__413568.jpg,-0.065
2021_3_27__14_33_1__513597.jpg,-0.065
2021_3_27__14_33_1__614777.jpg,-0.065
2021_3_27__14_33_1__713735.jpg,-0.065
2021_3_27__14_33_1__814686.jpg,-0.065
2021_3_27__14_33_1__915876.jpg,-0.065
2021_3_27__14_33_2__16541.jpg,-0.065
2021_3_27__14_33_2__117442.jpg,-0.065
2021_3_27__14_33_2__218011.jpg,-0.065
2021_3_27__14_33_2__317623.jpg,-0.065
2021_3_27__14_33_2__417671.jpg,-0.065
2021_3_27__14_33_2__518617.jpg,-0.048
2021_3_27__14_33_2__618752.jpg,-0.034
2021_3_27__14_33_2__718894.jpg,-0.031
2021_3_27__14_33_2__819110.jpg,-0.031
2021_3_27__14_33_2__919571.jpg,-0.031
2021_3_27__14_33_3__19923.jpg,-0.031
2021_3_27__14_33_3__119922.jpg,-0.031
2021_3_27__14_33_3__222644.jpg,-0.031
2021_3_27__14_33_3__321006.jpg,-0.031
2021_3_27__14_33_3__420553.jpg,-0.014
2021_3_27__14_33_3__520786.jpg,0
2021_3_27__14_33_3__621832.jpg,0.003
2021_3_27__14_33_3__723145.jpg,0.003
2021_3_27__14_33_3__823145.jpg,0.007
2021_3_27__14_33_3__923737.jpg,0.007
2021_3_27__14_33_4__23792.jpg,0.01
2021_3_27__14_33_4__127044.jpg,0.024
2021_3_27__14_33_4__226687.jpg,0.024
2021_3_27__14_33_4__331607.jpg,0.024
2021_3_27__14_33_4__430634.jpg,0.024
2021_3_27__14_33_4__532955.jpg,0.024
2021_3_27__14_33_4__632885.jpg,0.024
2021_3_27__14_33_4__732804.jpg,0.024
2021_3_27__14_33_4__835272.jpg,0.024
2021_3_27__14_33_4__935749.jpg,0.024
2021_3_27__14_33_5__35807.jpg,0.024
2021_3_27__14_33_5__137357.jpg,0.024
2021_3_27__14_33_5__237084.jpg,0.024
2021_3_27__14_33_5__337223.jpg,0.024
2021_3_27__14_33_5__439713.jpg,0.024
2021_3_27__14_33_5__538750.jpg,0.024
2021_3_27__14_33_5__640959.jpg,0.024
2021_3_27__14_33_5__739537.jpg,0.024
2021_3_27__14_33_5__839215.jpg,0.024
2021_3_27__14_33_5__941136.jpg,0.024
2021_3_27__14_33_6__40322.jpg,0.024
2021_3_27__14_33_6__140959.jpg,0.024
2021_3_27__14_33_6__241261.jpg,0.024
2021_3_27__14_33_6__342077.jpg,0.024
2021_3_27__14_33_6__442093.jpg,0.024
2021_3_27__14_33_6__542205.jpg,0.024
2021_3_27__14_33_6__644286.jpg,0.024
2021_3_27__14_33_6__743658.jpg,0.024
2021_3_27__14_33_6__843206.jpg,0.024
2021_3_27__14_33_6__943263.jpg,0.024
2021_3_27__14_33_7__43555.jpg,0.024
2021_3_27__14_33_7__144065.jpg,0.024
2021_3_27__14_33_7__243817.jpg,0.024
2021_3_27__14_33_7__344039.jpg,0.024
2021_3_27__14_33_7__444438.jpg,0.024
2021_3_27__14_33_7__544211.jpg,0.024
2021_3_27__14_33_7__644489.jpg,0.024
2021_3_27__14_33_7__744831.jpg,0.024
2021_3_27__14_33_7__845760.jpg,0.024
2021_3_27__14_33_7__945262.jpg,0.024
2021_3_27__14_33_8__45615.jpg,0.024
2021_3_27__14_33_8__145455.jpg,0.024
2021_3_27__14_33_8__245994.jpg,0.024
2021_3_27__14_33_8__346939.jpg,0.024
2021_3_27__14_33_8__447015.jpg,0.024
2021_3_27__14_33_8__547348.jpg,0.024
2021_3_27__14_33_8__647830.jpg,0.024
2021_3_27__14_33_8__747903.jpg,0.024
2021_3_27__14_33_8__847996.jpg,0.024
2021_3_27__14_33_8__948253.jpg,0.024
2021_3_27__14_33_9__48595.jpg,0.024
2021_3_27__14_33_9__153066.jpg,0.024
2021_3_27__14_33_9__252810.jpg,0.024
2021_3_27__14_33_9__352837.jpg,0.024
2021_3_27__14_33_9__455505.jpg,0.024
2021_3_27__14_33_9__554445.jpg,0.024
2021_3_27__14_33_9__654848.jpg,0.024
2021_3_27__14_33_9__754392.jpg,0.024
2021_3_27__14_33_9__854069.jpg,0.024
2021_3_27__14_33_9__953996.jpg,0.024
2021_3_27__14_33_10__54450.jpg,0.024
2021_3_27__14_33_10__155819.jpg,0.024
2021_3_27__14_33_10__262053.jpg,0.024
2021_3_27__14_33_10__362548.jpg,0.024
2021_3_27__14_33_10__463458.jpg,0.024
2021_3_27__14_33_10__563333.jpg,0.024
2021_3_27__14_33_10__664020.jpg,0.024
2021_3_27__14_33_10__764030.jpg,0.024
2021_3_27__14_33_10__864239.jpg,0.024
2021_3_27__14_33_10__965233.jpg,0.024
2021_3_27__14_33_11__65514.jpg,0.024
2021_3_27__14_33_11__166261.jpg,0.024
2021_3_27__14_33_11__266528.jpg,0.024
2021_3_27__14_33_11__367966.jpg,0.024
2021_3_27__14_33_11__468068.jpg,0.024
2021_3_27__14_33_11__568278.jpg,0.024
2021_3_27__14_33_11__668746.jpg,0.024
2021_3_27__14_33_11__770761.jpg,0.024
2021_3_27__14_33_11__872770.jpg,0.024
2021_3_27__14_33_11__973345.jpg,0.024
2021_3_27__14_33_12__75720.jpg,0.024
2021_3_27__14_33_12__176481.jpg,0.024
2021_3_27__14_33_12__277762.jpg,0.024
2021_3_27__14_33_12__379340.jpg,0.024
2021_3_27__14_33_12__478713.jpg,0.024
2021_3_27__14_33_12__579755.jpg,0.024
2021_3_27__14_33_12__680019.jpg,0.024
2021_3_27__14_33_12__780117.jpg,0.024
2021_3_27__14_33_12__879922.jpg,0.024
2021_3_27__14_33_12__980027.jpg,0.031
2021_3_27__14_33_13__81064.jpg,0.037
2021_3_27__14_33_13__186754.jpg,0.037
2021_3_27__14_33_13__288413.jpg,0.037
2021_3_27__14_33_13__388485.jpg,0.037
2021_3_27__14_33_13__488668.jpg,0.037
2021_3_27__14_33_13__589216.jpg,0.037
2021_3_27__14_33_13__688845.jpg,0.068
2021_3_27__14_33_13__789058.jpg,0.075
2021_3_27__14_33_13__889282.jpg,0.119
2021_3_27__14_33_13__989800.jpg,0.119
2021_3_27__14_33_14__92426.jpg,0.119
2021_3_27__14_33_14__194668.jpg,0.119
2021_3_27__14_33_14__294142.jpg,0.099
2021_3_27__14_33_14__394583.jpg,0.082
2021_3_27__14_33_14__494283.jpg,0.082
2021_3_27__14_33_14__594430.jpg,0.082
2021_3_27__14_33_14__701816.jpg,0.082
2021_3_27__14_33_14__798806.jpg,0.082
2021_3_27__14_33_14__897561.jpg,0.082
2021_3_27__14_33_14__999700.jpg,0.082
2021_3_27__14_33_15__101203.jpg,0.082
2021_3_27__14_33_15__203623.jpg,0.085
2021_3_27__14_33_15__303023.jpg,0.085
2021_3_27__14_33_15__402584.jpg,0.085
2021_3_27__14_33_15__503472.jpg,0.088
2021_3_27__14_33_15__603430.jpg,0.088
2021_3_27__14_33_15__704385.jpg,0.092
2021_3_27__14_33_15__804104.jpg,0.092
2021_3_27__14_33_15__903893.jpg,0.092
2021_3_27__14_33_16__4632.jpg,0.092
2021_3_27__14_33_16__108386.jpg,0.092
2021_3_27__14_33_16__206665.jpg,0.105
2021_3_27__14_33_16__305572.jpg,0.122
2021_3_27__14_33_16__406572.jpg,0.143
2021_3_27__14_33_16__508571.jpg,0.15
2021_3_27__14_33_16__608160.jpg,0.15
2021_3_27__14_33_16__708013.jpg,0.15
2021_3_27__14_33_16__808357.jpg,0.15
2021_3_27__14_33_16__908431.jpg,0.15
2021_3_27__14_33_17__9714.jpg,0.15
2021_3_27__14_33_17__109788.jpg,0.15
2021_3_27__14_33_17__214474.jpg,0.15
2021_3_27__14_33_17__314305.jpg,0.15
2021_3_27__14_33_17__414471.jpg,0.15
2021_3_27__14_33_17__514801.jpg,0.15
2021_3_27__14_33_17__615879.jpg,0.15
2021_3_27__14_33_17__721940.jpg,0.15
2021_3_27__14_33_17__821298.jpg,0.15
2021_3_27__14_33_17__924492.jpg,0.15
2021_3_27__14_33_18__28603.jpg,0.15
2021_3_27__14_33_18__140879.jpg,0.15
2021_3_27__14_33_18__246425.jpg,0.15
2021_3_27__14_33_18__344458.jpg,0.15
2021_3_27__14_33_18__445827.jpg,0.15
2021_3_27__14_33_18__547714.jpg,0.15
2021_3_27__14_33_18__649069.jpg,0.15
2021_3_27__14_33_18__748461.jpg,0.15
2021_3_27__14_33_18__848714.jpg,0.15
2021_3_27__14_33_18__948816.jpg,0.15
2021_3_27__14_33_19__48851.jpg,0.15
2021_3_27__14_33_19__148896.jpg,0.15
2021_3_27__14_33_19__249247.jpg,0.15
2021_3_27__14_33_19__349931.jpg,0.15
2021_3_27__14_33_19__450769.jpg,0.15
2021_3_27__14_33_19__550417.jpg,0.15
2021_3_27__14_33_19__650410.jpg,0.15
2021_3_27__14_33_19__750653.jpg,0.15
2021_3_27__14_33_19__850900.jpg,0.15
2021_3_27__14_33_19__951753.jpg,0.15
2021_3_27__14_33_20__52027.jpg,0.15
2021_3_27__14_33_20__151728.jpg,0.16
2021_3_27__14_33_20__251633.jpg,0.163
2021_3_27__14_33_20__352435.jpg,0.187
2021_3_27__14_33_20__452155.jpg,0.187
2021_3_27__14_33_20__555238.jpg,0.187
2021_3_27__14_33_20__652061.jpg,0.187
2021_3_27__14_33_20__752521.jpg,0.187
2021_3_27__14_33_20__852662.jpg,0.187
2021_3_27__14_33_20__954212.jpg,0.187
2021_3_27__14_33_21__53713.jpg,0.187
2021_3_27__14_33_21__153690.jpg,0.187
2021_3_27__14_33_21__253820.jpg,0.187
2021_3_27__14_33_21__353634.jpg,0.187
2021_3_27__14_33_21__454019.jpg,0.187
2021_3_27__14_33_21__559362.jpg,0.187
2021_3_27__14_33_21__659401.jpg,0.187
2021_3_27__14_33_21__759527.jpg,0.187
2021_3_27__14_33_21__859728.jpg,0.187
2021_3_27__14_33_21__960286.jpg,0.187
2021_3_27__14_33_22__61372.jpg,0.187
2021_3_27__14_33_22__162898.jpg,0.187
2021_3_27__14_33_22__264361.jpg,0.187
2021_3_27__14_33_22__364503.jpg,0.187
2021_3_27__14_33_22__468290.jpg,0.187
2021_3_27__14_33_22__566739.jpg,0.187
2021_3_27__14_33_22__667356.jpg,0.187
2021_3_27__14_33_22__766416.jpg,0.187
2021_3_27__14_33_22__869476.jpg,0.187
2021_3_27__14_33_22__969751.jpg,0.187
2021_3_27__14_33_23__69104.jpg,0.187
2021_3_27__14_33_23__168777.jpg,0.187
2021_3_27__14_33_23__271682.jpg,0.187
2021_3_27__14_33_23__371068.jpg,0.187
2021_3_27__14_33_23__470101.jpg,0.187
2021_3_27__14_33_23__570091.jpg,0.187
2021_3_27__14_33_23__677527.jpg,0.187
2021_3_27__14_33_23__776251.jpg,0.187
2021_3_27__14_33_23__874411.jpg,0.187
2021_3_27__14_33_23__980681.jpg,0.187
2021_3_27__14_33_24__80209.jpg,0.187
2021_3_27__14_33_24__180012.jpg,0.187
2021_3_27__14_33_24__282805.jpg,0.187
2021_3_27__14_33_24__382977.jpg,0.187
2021_3_27__14_33_24__483001.jpg,0.187
2021_3_27__14_33_24__583460.jpg,0.187
2021_3_27__14_33_24__684332.jpg,0.187
2021_3_27__14_33_24__785040.jpg,0.187
2021_3_27__14_33_24__883992.jpg,0.187
2021_3_27__14_33_24__984501.jpg,0.187
2021_3_27__14_33_25__84587.jpg,0.207
2021_3_27__14_33_25__188962.jpg,0.207
2021_3_27__14_33_25__289457.jpg,0.207
2021_3_27__14_33_25__389583.jpg,0.207
2021_3_27__14_33_25__493989.jpg,0.207
2021_3_27__14_33_25__594142.jpg,0.207
2021_3_27__14_33_25__694901.jpg,0.207
2021_3_27__14_33_25__794911.jpg,0.207
2021_3_27__14_33_25__895407.jpg,0.207
2021_3_27__14_33_25__994797.jpg,0.207
2021_3_27__14_33_26__95162.jpg,0.207
2021_3_27__14_33_26__196633.jpg,0.197
2021_3_27__14_33_26__296955.jpg,0.177
2021_3_27__14_33_26__396849.jpg,0.153
2021_3_27__14_33_26__497401.jpg,0.15
2021_3_27__14_33_26__597861.jpg,0.15
2021_3_27__14_33_26__699841.jpg,0.15
2021_3_27__14_33_26__799879.jpg,0.15
2021_3_27__14_33_26__900677.jpg,0.15
2021_3_27__14_33_27__2938.jpg,0.15
2021_3_27__14_33_27__104140.jpg,0.15
2021_3_27__14_33_27__204287.jpg,0.15
2021_3_27__14_33_27__304493.jpg,0.15
2021_3_27__14_33_27__404665.jpg,0.15
2021_3_27__14_33_27__504754.jpg,0.15
2021_3_27__14_33_27__604958.jpg,0.15
2021_3_27__14_33_27__705016.jpg,0.15
2021_3_27__14_33_27__805497.jpg,0.15
2021_3_27__14_33_27__905840.jpg,0.15
2021_3_27__14_33_28__5827.jpg,0.15
2021_3_27__14_33_28__105965.jpg,0.15
2021_3_27__14_33_28__206191.jpg,0.15
2021_3_27__14_33_28__306314.jpg,0.15
2021_3_27__14_33_28__406504.jpg,0.156
2021_3_27__14_33_28__506906.jpg,0.194
2021_3_27__14_33_28__606893.jpg,0.194
2021_3_27__14_33_28__706831.jpg,0.194
2021_3_27__14_33_28__808529.jpg,0.194
2021_3_27__14_33_28__908865.jpg,0.194
2021_3_27__14_33_29__8899.jpg,0.194
2021_3_27__14_33_29__109183.jpg,0.194
2021_3_27__14_33_29__209496.jpg,0.194
2021_3_27__14_33_29__309817.jpg,0.194
2021_3_27__14_33_29__409935.jpg,0.194
2021_3_27__14_33_29__510138.jpg,0.194
2021_3_27__14_33_29__610496.jpg,0.194
2021_3_27__14_33_29__710722.jpg,0.194
2021_3_27__14_33_29__810870.jpg,0.194
2021_3_27__14_33_29__911956.jpg,0.194
2021_3_27__14_33_30__13594.jpg,0.194
2021_3_27__14_33_30__112914.jpg,0.194
2021_3_27__14_33_30__212948.jpg,0.194
2021_3_27__14_33_30__313583.jpg,0.194
2021_3_27__14_33_30__413623.jpg,0.194
2021_3_27__14_33_30__514021.jpg,0.194
2021_3_27__14_33_30__614034.jpg,0.194
2021_3_27__14_33_30__714004.jpg,0.194
2021_3_27__14_33_30__816480.jpg,0.194
2021_3_27__14_33_30__916991.jpg,0.194
2021_3_27__14_33_31__17056.jpg,0.194
2021_3_27__14_33_31__119174.jpg,0.194
2021_3_27__14_33_31__218037.jpg,0.194
2021_3_27__14_33_31__317802.jpg,0.194
2021_3_27__14_33_31__417969.jpg,0.194
2021_3_27__14_33_31__518404.jpg,0.194
2021_3_27__14_33_31__618433.jpg,0.194
2021_3_27__14_33_31__718766.jpg,0.194
2021_3_27__14_33_31__819383.jpg,0.194
2021_3_27__14_33_31__923651.jpg,0.194
2021_3_27__14_33_32__23626.jpg,0.194
2021_3_27__14_33_32__123727.jpg,0.194
2021_3_27__14_33_32__223905.jpg,0.194
2021_3_27__14_33_32__324311.jpg,0.194
2021_3_27__14_33_32__424368.jpg,0.194
2021_3_27__14_33_32__525685.jpg,0.194
2021_3_27__14_33_32__625535.jpg,0.194
2021_3_27__14_33_32__725401.jpg,0.194
2021_3_27__14_33_32__825613.jpg,0.194
2021_3_27__14_33_32__925466.jpg,0.194
2021_3_27__14_33_33__25532.jpg,0.194
2021_3_27__14_33_33__126288.jpg,0.194
2021_3_27__14_33_33__226522.jpg,0.194
2021_3_27__14_33_33__326586.jpg,0.194
2021_3_27__14_33_33__426873.jpg,0.194
2021_3_27__14_33_33__527176.jpg,0.194
2021_3_27__14_33_33__627430.jpg,0.194
2021_3_27__14_33_33__727521.jpg,0.194
2021_3_27__14_33_33__827770.jpg,0.194
2021_3_27__14_33_33__929014.jpg,0.194
2021_3_27__14_33_34__29986.jpg,0.194
2021_3_27__14_33_34__129384.jpg,0.194
2021_3_27__14_33_34__229871.jpg,0.194
2021_3_27__14_33_34__330749.jpg,0.194
2021_3_27__14_33_34__430391.jpg,0.194
2021_3_27__14_33_34__534293.jpg,0.163
2021_3_27__14_33_34__630511.jpg,0.112
2021_3_27__14_33_34__730855.jpg,0.075
2021_3_27__14_33_34__831482.jpg,0.071
2021_3_27__14_33_34__932197.jpg,0.071
2021_3_27__14_33_35__35168.jpg,0.071
2021_3_27__14_33_35__131871.jpg,0.068
2021_3_27__14_33_35__232713.jpg,0.068
2021_3_27__14_33_35__332817.jpg,0.068
2021_3_27__14_33_35__433527.jpg,0.136
2021_3_27__14_33_35__533284.jpg,0.15
2021_3_27__14_33_35__633544.jpg,0.197
2021_3_27__14_33_35__733884.jpg,0.201
2021_3_27__14_33_35__833872.jpg,0.201
2021_3_27__14_33_35__934091.jpg,0.201
2021_3_27__14_33_36__34524.jpg,0.201
2021_3_27__14_33_36__134368.jpg,0.201
2021_3_27__14_33_36__235601.jpg,0.201
2021_3_27__14_33_36__336400.jpg,0.197
2021_3_27__14_33_36__437625.jpg,0.197
2021_3_27__14_33_36__537724.jpg,0.197
2021_3_27__14_33_36__637341.jpg,0.197
2021_3_27__14_33_36__737806.jpg,0.197
2021_3_27__14_33_36__837862.jpg,0.197
2021_3_27__14_33_36__937992.jpg,0.19
2021_3_27__14_33_37__38628.jpg,0.187
2021_3_27__14_33_37__138927.jpg,0.187
2021_3_27__14_33_37__239168.jpg,0.187
2021_3_27__14_33_37__339059.jpg,0.187
2021_3_27__14_33_37__439080.jpg,0.187
2021_3_27__14_33_37__539732.jpg,0.187
2021_3_27__14_33_37__639692.jpg,0.187
2021_3_27__14_33_37__739923.jpg,0.187
2021_3_27__14_33_37__841514.jpg,0.187
2021_3_27__14_33_37__942007.jpg,0.173
2021_3_27__14_33_38__42278.jpg,0.15
2021_3_27__14_33_38__144718.jpg,0.15
2021_3_27__14_33_38__243812.jpg,0.139
2021_3_27__14_33_38__343321.jpg,0.122
2021_3_27__14_33_38__443837.jpg,0.116
2021_3_27__14_33_38__543880.jpg,0.105
2021_3_27__14_33_38__643814.jpg,0.105
2021_3_27__14_33_38__744052.jpg,0.105
2021_3_27__14_33_38__844380.jpg,0.105
2021_3_27__14_33_38__951119.jpg,0.105
2021_3_27__14_33_39__51533.jpg,0.105
2021_3_27__14_33_39__151786.jpg,0.105
2021_3_27__14_33_39__251841.jpg,0.105
2021_3_27__14_33_39__353793.jpg,0.105
2021_3_27__14_33_39__452496.jpg,0.105
2021_3_27__14_33_39__552369.jpg,0.105
2021_3_27__14_33_39__652811.jpg,0.105
2021_3_27__14_33_39__752829.jpg,0.105
2021_3_27__14_33_39__852842.jpg,0.105
2021_3_27__14_33_39__953016.jpg,0.105
2021_3_27__14_33_40__53441.jpg,0.105
2021_3_27__14_33_40__153424.jpg,0.105
2021_3_27__14_33_40__253939.jpg,0.105
2021_3_27__14_33_40__354232.jpg,0.095
2021_3_27__14_33_40__454257.jpg,0.095
2021_3_27__14_33_40__555224.jpg,0.085
2021_3_27__14_33_40__658973.jpg,0.075
2021_3_27__14_33_40__756860.jpg,0.068
2021_3_27__14_33_40__856742.jpg,0.068
2021_3_27__14_33_40__960858.jpg,0.061
2021_3_27__14_33_41__62377.jpg,0.037
2021_3_27__14_33_41__161274.jpg,0.02
2021_3_27__14_33_41__261374.jpg,0.007
2021_3_27__14_33_41__362255.jpg,-0.037
2021_3_27__14_33_41__461912.jpg,-0.102
2021_3_27__14_33_41__562702.jpg,-0.102
2021_3_27__14_33_41__662189.jpg,-0.102
2021_3_27__14_33_41__762443.jpg,-0.102
2021_3_27__14_33_41__862777.jpg,-0.102
2021_3_27__14_33_41__963068.jpg,-0.102
2021_3_27__14_33_42__63641.jpg,-0.102
2021_3_27__14_33_42__163544.jpg,-0.102
2021_3_27__14_33_42__263915.jpg,-0.102
2021_3_27__14_33_42__364259.jpg,-0.112
2021_3_27__14_33_42__474581.jpg,-0.16
2021_3_27__14_33_42__574598.jpg,-0.163
2021_3_27__14_33_42__675559.jpg,-0.163
2021_3_27__14_33_42__775015.jpg,-0.163
2021_3_27__14_33_42__875712.jpg,-0.163
2021_3_27__14_33_42__976681.jpg,-0.163
2021_3_27__14_33_43__77091.jpg,-0.163
2021_3_27__14_33_43__178956.jpg,-0.163
2021_3_27__14_33_43__279015.jpg,-0.163
2021_3_27__14_33_43__379412.jpg,-0.163
2021_3_27__14_33_43__480000.jpg,-0.163
2021_3_27__14_33_43__580487.jpg,-0.163
2021_3_27__14_33_43__680972.jpg,-0.163
2021_3_27__14_33_43__780957.jpg,-0.163
2021_3_27__14_33_43__880879.jpg,-0.163
2021_3_27__14_33_43__981039.jpg,-0.163
2021_3_27__14_33_44__81586.jpg,-0.163
2021_3_27__14_33_44__181540.jpg,-0.163
2021_3_27__14_33_44__281873.jpg,-0.163
2021_3_27__14_33_44__381948.jpg,-0.163
2021_3_27__14_33_44__482090.jpg,-0.163
2021_3_27__14_33_44__584354.jpg,-0.163
2021_3_27__14_33_44__684721.jpg,-0.163
2021_3_27__14_33_44__785963.jpg,-0.163
2021_3_27__14_33_44__887733.jpg,-0.163
2021_3_27__14_33_44__988561.jpg,-0.163
2021_3_27__14_33_45__89936.jpg,-0.163
2021_3_27__14_33_45__190949.jpg,-0.163
2021_3_27__14_33_45__290674.jpg,-0.163
2021_3_27__14_33_45__390808.jpg,-0.163
2021_3_27__14_33_45__491005.jpg,-0.163
2021_3_27__14_33_45__590929.jpg,-0.163
2021_3_27__14_33_45__692386.jpg,-0.163
2021_3_27__14_33_45__791794.jpg,-0.163
2021_3_27__14_33_45__891619.jpg,-0.163
2021_3_27__14_33_45__991629.jpg,-0.163
2021_3_27__14_33_46__91788.jpg,-0.163
2021_3_27__14_33_46__196202.jpg,-0.163
2021_3_27__14_33_46__296806.jpg,-0.163
2021_3_27__14_33_46__397226.jpg,-0.163
2021_3_27__14_33_46__496912.jpg,-0.163
2021_3_27__14_33_46__596959.jpg,-0.163
2021_3_27__14_33_46__697542.jpg,-0.163
2021_3_27__14_33_46__797821.jpg,-0.163
2021_3_27__14_33_46__898248.jpg,-0.163
2021_3_27__14_33_46__998173.jpg,-0.163
2021_3_27__14_33_47__100126.jpg,-0.163
2021_3_27__14_33_47__200531.jpg,-0.163
2021_3_27__14_33_47__300947.jpg,-0.163
2021_3_27__14_33_47__401874.jpg,-0.163
2021_3_27__14_33_47__502764.jpg,-0.163
2021_3_27__14_33_47__601848.jpg,-0.163
2021_3_27__14_33_47__701840.jpg,-0.163
2021_3_27__14_33_47__801943.jpg,-0.163
2021_3_27__14_33_47__902717.jpg,-0.163
2021_3_27__14_33_48__2763.jpg,-0.163
2021_3_27__14_33_48__103190.jpg,-0.16
2021_3_27__14_33_48__202843.jpg,-0.146
2021_3_27__14_33_48__303402.jpg,-0.129
2021_3_27__14_33_48__405062.jpg,-0.126
2021_3_27__14_33_48__504858.jpg,-0.126
2021_3_27__14_33_48__604815.jpg,-0.126
2021_3_27__14_33_48__705019.jpg,-0.126
2021_3_27__14_33_48__805245.jpg,-0.126
2021_3_27__14_33_48__905780.jpg,-0.126
2021_3_27__14_33_49__6829.jpg,-0.126
2021_3_27__14_33_49__106757.jpg,-0.126
2021_3_27__14_33_49__206890.jpg,-0.126
2021_3_27__14_33_49__308012.jpg,-0.078
2021_3_27__14_33_49__409236.jpg,-0.058
2021_3_27__14_33_49__511385.jpg,-0.058
2021_3_27__14_33_49__610870.jpg,-0.051
2021_3_27__14_33_49__713804.jpg,-0.041
2021_3_27__14_33_49__814174.jpg,-0.027
2021_3_27__14_33_49__917020.jpg,-0.024
2021_3_27__14_33_50__17684.jpg,-0.024
2021_3_27__14_33_50__117653.jpg,-0.02
2021_3_27__14_33_50__219081.jpg,-0.02
2021_3_27__14_33_50__318884.jpg,-0.02
2021_3_27__14_33_50__418887.jpg,-0.02
2021_3_27__14_33_50__519448.jpg,-0.02
2021_3_27__14_33_50__620346.jpg,-0.02
2021_3_27__14_33_50__720127.jpg,-0.02
2021_3_27__14_33_50__824928.jpg,-0.02
2021_3_27__14_33_50__924587.jpg,-0.02
2021_3_27__14_33_51__24721.jpg,-0.02
2021_3_27__14_33_51__125719.jpg,-0.02
2021_3_27__14_33_51__225610.jpg,-0.02
2021_3_27__14_33_51__325404.jpg,-0.027
2021_3_27__14_33_51__425799.jpg,-0.027
2021_3_27__14_33_51__525892.jpg,-0.027
2021_3_27__14_33_51__631146.jpg,-0.027
2021_3_27__14_33_51__731833.jpg,-0.027
2021_3_27__14_33_51__832520.jpg,-0.027
2021_3_27__14_33_51__931860.jpg,-0.027
2021_3_27__14_33_52__35448.jpg,-0.027
2021_3_27__14_33_52__135751.jpg,-0.027
2021_3_27__14_33_52__235922.jpg,-0.027
2021_3_27__14_33_52__336011.jpg,-0.027
2021_3_27__14_33_52__437207.jpg,-0.027
2021_3_27__14_33_52__537257.jpg,-0.027
2021_3_27__14_33_52__638109.jpg,-0.027
2021_3_27__14_33_52__738110.jpg,-0.027
2021_3_27__14_33_52__838355.jpg,-0.027
2021_3_27__14_33_52__938720.jpg,-0.027
2021_3_27__14_33_53__39556.jpg,-0.027
2021_3_27__14_33_53__143512.jpg,-0.027
2021_3_27__14_33_53__244274.jpg,-0.027
2021_3_27__14_33_53__343613.jpg,-0.027
2021_3_27__14_33_53__443502.jpg,-0.027
2021_3_27__14_33_53__543844.jpg,-0.027
2021_3_27__14_33_53__643922.jpg,-0.027
2021_3_27__14_33_53__744017.jpg,-0.027
2021_3_27__14_33_53__844146.jpg,-0.027
2021_3_27__14_33_53__944563.jpg,-0.027
2021_3_27__14_33_54__46631.jpg,-0.027
2021_3_27__14_33_54__146897.jpg,-0.027
2021_3_27__14_33_54__247063.jpg,-0.027
2021_3_27__14_33_54__347351.jpg,-0.027
2021_3_27__14_33_54__447680.jpg,-0.027
2021_3_27__14_33_54__547915.jpg,-0.027
2021_3_27__14_33_54__648450.jpg,-0.027
2021_3_27__14_33_54__749617.jpg,-0.027
2021_3_27__14_33_54__849877.jpg,-0.027
2021_3_27__14_33_54__950260.jpg,-0.027
2021_3_27__14_33_55__50119.jpg,-0.027
2021_3_27__14_33_55__150652.jpg,-0.027
2021_3_27__14_33_55__250789.jpg,-0.027
2021_3_27__14_33_55__351850.jpg,-0.027
2021_3_27__14_33_55__451898.jpg,-0.027
2021_3_27__14_33_55__551403.jpg,-0.027
2021_3_27__14_33_55__651609.jpg,-0.027
2021_3_27__14_33_55__751683.jpg,-0.027
2021_3_27__14_33_55__852304.jpg,-0.024
2021_3_27__14_33_55__952046.jpg,-0.024
2021_3_27__14_33_56__52348.jpg,-0.024
2021_3_27__14_33_56__152340.jpg,-0.024
2021_3_27__14_33_56__254985.jpg,-0.01
2021_3_27__14_33_56__354967.jpg,-0.01
2021_3_27__14_33_56__455218.jpg,-0.01
2021_3_27__14_33_56__555622.jpg,-0.003
2021_3_27__14_33_56__655609.jpg,-0.003
2021_3_27__14_33_56__756283.jpg,-0.003
2021_3_27__14_33_56__856352.jpg,-0.003
2021_3_27__14_33_56__956669.jpg,-0.003
2021_3_27__14_33_57__56926.jpg,-0.003
2021_3_27__14_33_57__158721.jpg,-0.003
2021_3_27__14_33_57__265097.jpg,-0.003
2021_3_27__14_33_57__362118.jpg,-0.003
2021_3_27__14_33_57__460575.jpg,-0.003
2021_3_27__14_33_57__560053.jpg,-0.003
2021_3_27__14_33_57__662526.jpg,-0.003
2021_3_27__14_33_57__762236.jpg,-0.003
2021_3_27__14_33_57__862027.jpg,-0.003
2021_3_27__14_33_57__961945.jpg,-0.003
2021_3_27__14_33_58__61596.jpg,-0.003
2021_3_27__14_33_58__162125.jpg,-0.003
2021_3_27__14_33_58__264491.jpg,-0.003
2021_3_27__14_33_58__365137.jpg,-0.003
2021_3_27__14_33_58__465613.jpg,-0.003
2021_3_27__14_33_58__564872.jpg,-0.003
2021_3_27__14_33_58__664970.jpg,-0.003
2021_3_27__14_33_58__765400.jpg,-0.003
2021_3_27__14_33_58__866951.jpg,-0.003
2021_3_27__14_33_58__965892.jpg,-0.003
2021_3_27__14_33_59__71960.jpg,-0.003
2021_3_27__14_33_59__171637.jpg,-0.003
2021_3_27__14_33_59__271772.jpg,-0.003
2021_3_27__14_33_59__372798.jpg,-0.003
2021_3_27__14_33_59__472747.jpg,-0.003
2021_3_27__14_33_59__573991.jpg,-0.003
2021_3_27__14_33_59__677223.jpg,-0.003
2021_3_27__14_33_59__777770.jpg,-0.003
2021_3_27__14_33_59__879410.jpg,-0.003
2021_3_27__14_33_59__978475.jpg,-0.003
2021_3_27__14_34_0__78375.jpg,-0.003
2021_3_27__14_34_0__178516.jpg,-0.003
2021_3_27__14_34_0__278834.jpg,-0.003
2021_3_27__14_34_0__378707.jpg,-0.003
2021_3_27__14_34_0__478674.jpg,-0.003
2021_3_27__14_34_0__578779.jpg,-0.003
2021_3_27__14_34_0__679078.jpg,-0.003
2021_3_27__14_34_0__779457.jpg,-0.003
2021_3_27__14_34_0__879788.jpg,-0.003
2021_3_27__14_34_0__983391.jpg,-0.003
2021_3_27__14_34_1__83606.jpg,-0.003
2021_3_27__14_34_1__183962.jpg,-0.003
2021_3_27__14_34_1__290210.jpg,-0.003
2021_3_27__14_34_1__389999.jpg,-0.003
2021_3_27__14_34_1__489789.jpg,-0.003
2021_3_27__14_34_1__591645.jpg,-0.003
2021_3_27__14_34_1__691940.jpg,-0.003
2021_3_27__14_34_1__791968.jpg,-0.003
2021_3_27__14_34_1__892291.jpg,-0.003
2021_3_27__14_34_1__992785.jpg,-0.003
2021_3_27__14_34_2__93514.jpg,-0.003
2021_3_27__14_34_2__192907.jpg,-0.003
2021_3_27__14_34_2__294148.jpg,-0.003
2021_3_27__14_34_2__393562.jpg,-0.003
2021_3_27__14_34_2__493702.jpg,-0.003
2021_3_27__14_34_2__594173.jpg,-0.003
2021_3_27__14_34_2__696424.jpg,-0.003
2021_3_27__14_34_2__794769.jpg,-0.003
2021_3_27__14_34_2__895373.jpg,-0.003
2021_3_27__14_34_2__996324.jpg,-0.003
2021_3_27__14_34_3__99323.jpg,-0.017
2021_3_27__14_34_3__196972.jpg,-0.034
2021_3_27__14_34_3__297216.jpg,-0.068
2021_3_27__14_34_3__398251.jpg,-0.075
2021_3_27__14_34_3__498506.jpg,-0.075
2021_3_27__14_34_3__599055.jpg,-0.075
2021_3_27__14_34_3__698480.jpg,-0.078
2021_3_27__14_34_3__798696.jpg,-0.082
2021_3_27__14_34_3__899400.jpg,-0.082
2021_3_27__14_34_3__999991.jpg,-0.082
2021_3_27__14_34_4__99728.jpg,-0.082
2021_3_27__14_34_4__201917.jpg,-0.082
2021_3_27__14_34_4__302555.jpg,-0.082
2021_3_27__14_34_4__403518.jpg,-0.082
2021_3_27__14_34_4__502787.jpg,-0.082
2021_3_27__14_34_4__603075.jpg,-0.099
2021_3_27__14_34_4__703080.jpg,-0.122
2021_3_27__14_34_4__803680.jpg,-0.129
2021_3_27__14_34_4__905058.jpg,-0.133
2021_3_27__14_34_5__5839.jpg,-0.143
2021_3_27__14_34_5__108804.jpg,-0.143
2021_3_27__14_34_5__209007.jpg,-0.143
2021_3_27__14_34_5__306607.jpg,-0.143
2021_3_27__14_34_5__406598.jpg,-0.143
2021_3_27__14_34_5__506842.jpg,-0.143
2021_3_27__14_34_5__607212.jpg,-0.143
2021_3_27__14_34_5__708261.jpg,-0.143
2021_3_27__14_34_5__808440.jpg,-0.143
2021_3_27__14_34_5__908422.jpg,-0.143
2021_3_27__14_34_6__8686.jpg,-0.143
2021_3_27__14_34_6__109000.jpg,-0.153
2021_3_27__14_34_6__209197.jpg,-0.16
2021_3_27__14_34_6__309837.jpg,-0.187
2021_3_27__14_34_6__409621.jpg,-0.187
2021_3_27__14_34_6__509648.jpg,-0.187
2021_3_27__14_34_6__609941.jpg,-0.187
2021_3_27__14_34_6__711473.jpg,-0.187
2021_3_27__14_34_6__810906.jpg,-0.207
2021_3_27__14_34_6__910726.jpg,-0.248
2021_3_27__14_34_7__11367.jpg,-0.269
2021_3_27__14_34_7__111453.jpg,-0.272
2021_3_27__14_34_7__213768.jpg,-0.272
2021_3_27__14_34_7__314042.jpg,-0.272
2021_3_27__14_34_7__413760.jpg,-0.272
2021_3_27__14_34_7__515115.jpg,-0.272
2021_3_27__14_34_7__615329.jpg,-0.272
2021_3_27__14_34_7__715727.jpg,-0.272
2021_3_27__14_34_7__818003.jpg,-0.272
2021_3_27__14_34_7__918823.jpg,-0.272
2021_3_27__14_34_8__18875.jpg,-0.272
2021_3_27__14_34_8__119905.jpg,-0.272
2021_3_27__14_34_8__220371.jpg,-0.272
2021_3_27__14_34_8__319943.jpg,-0.272
2021_3_27__14_34_8__420883.jpg,-0.272
2021_3_27__14_34_8__521379.jpg,-0.272
2021_3_27__14_34_8__621423.jpg,-0.238
2021_3_27__14_34_8__722714.jpg,-0.18
2021_3_27__14_34_8__823791.jpg,-0.153
2021_3_27__14_34_8__923896.jpg,-0.109
2021_3_27__14_34_9__31870.jpg,-0.082
2021_3_27__14_34_9__132854.jpg,-0.082
2021_3_27__14_34_9__233042.jpg,-0.082
2021_3_27__14_34_9__341303.jpg,-0.112
2021_3_27__14_34_9__441413.jpg,-0.143
2021_3_27__14_34_9__544385.jpg,-0.15
2021_3_27__14_34_9__642772.jpg,-0.163
2021_3_27__14_34_9__745813.jpg,-0.17
2021_3_27__14_34_9__849682.jpg,-0.173
2021_3_27__14_34_9__949892.jpg,-0.18
2021_3_27__14_34_10__49993.jpg,-0.19
2021_3_27__14_34_10__149939.jpg,-0.204
2021_3_27__14_34_10__249854.jpg,-0.218
2021_3_27__14_34_10__351257.jpg,-0.224
2021_3_27__14_34_10__450799.jpg,-0.248
2021_3_27__14_34_10__550589.jpg,-0.248
2021_3_27__14_34_10__650817.jpg,-0.259
2021_3_27__14_34_10__755797.jpg,-0.286
2021_3_27__14_34_10__856576.jpg,-0.286
2021_3_27__14_34_10__957741.jpg,-0.286
2021_3_27__14_34_11__57497.jpg,-0.286
2021_3_27__14_34_11__157582.jpg,-0.286
2021_3_27__14_34_11__257469.jpg,-0.286
2021_3_27__14_34_11__357658.jpg,-0.286
2021_3_27__14_34_11__457820.jpg,-0.286
2021_3_27__14_34_11__558053.jpg,-0.286
2021_3_27__14_34_11__658196.jpg,-0.279
2021_3_27__14_34_11__758540.jpg,-0.272
2021_3_27__14_34_11__861060.jpg,-0.255
2021_3_27__14_34_11__959827.jpg,-0.228
2021_3_27__14_34_12__61058.jpg,-0.184
2021_3_27__14_34_12__163905.jpg,-0.173
2021_3_27__14_34_12__263900.jpg,-0.163
2021_3_27__14_34_12__363913.jpg,-0.16
2021_3_27__14_34_12__469086.jpg,-0.16
2021_3_27__14_34_12__570370.jpg,-0.16
2021_3_27__14_34_12__679667.jpg,-0.16
2021_3_27__14_34_12__776153.jpg,-0.16
2021_3_27__14_34_12__875512.jpg,-0.16
2021_3_27__14_34_12__974953.jpg,-0.16
2021_3_27__14_34_13__75481.jpg,-0.16
2021_3_27__14_34_13__175578.jpg,-0.16
2021_3_27__14_34_13__276005.jpg,-0.16
2021_3_27__14_34_13__376358.jpg,-0.16
2021_3_27__14_34_13__476192.jpg,-0.177
2021_3_27__14_34_13__577905.jpg,-0.204
2021_3_27__14_34_13__678432.jpg,-0.224
2021_3_27__14_34_13__780734.jpg,-0.255
2021_3_27__14_34_13__882581.jpg,-0.276
2021_3_27__14_34_13__982407.jpg,-0.276
2021_3_27__14_34_14__82149.jpg,-0.276
2021_3_27__14_34_14__182969.jpg,-0.276
2021_3_27__14_34_14__286661.jpg,-0.276
2021_3_27__14_34_14__386647.jpg,-0.276
2021_3_27__14_34_14__486556.jpg,-0.276
2021_3_27__14_34_14__587018.jpg,-0.276
2021_3_27__14_34_14__688234.jpg,-0.276
2021_3_27__14_34_14__788091.jpg,-0.276
2021_3_27__14_34_14__888711.jpg,-0.276
2021_3_27__14_34_14__989086.jpg,-0.276
2021_3_27__14_34_15__91500.jpg,-0.276
2021_3_27__14_34_15__206448.jpg,-0.245
2021_3_27__14_34_15__300726.jpg,-0.211
2021_3_27__14_34_15__400053.jpg,-0.204
2021_3_27__14_34_15__498056.jpg,-0.204
2021_3_27__14_34_15__597683.jpg,-0.204
2021_3_27__14_34_15__697622.jpg,-0.204
2021_3_27__14_34_15__801032.jpg,-0.204
2021_3_27__14_34_15__900470.jpg,-0.204
2021_3_27__14_34_16__628.jpg,-0.204
2021_3_27__14_34_16__100848.jpg,-0.204
2021_3_27__14_34_16__201112.jpg,-0.204
2021_3_27__14_34_16__305299.jpg,-0.204
2021_3_27__14_34_16__402971.jpg,-0.204
2021_3_27__14_34_16__503054.jpg,-0.204
2021_3_27__14_34_16__603121.jpg,-0.204
2021_3_27__14_34_16__703921.jpg,-0.204
2021_3_27__14_34_16__803631.jpg,-0.204
2021_3_27__14_34_16__903835.jpg,-0.204
2021_3_27__14_34_17__5820.jpg,-0.204
2021_3_27__14_34_17__106658.jpg,-0.204
2021_3_27__14_34_17__208426.jpg,-0.204
2021_3_27__14_34_17__308834.jpg,-0.204
2021_3_27__14_34_17__408896.jpg,-0.204
2021_3_27__14_34_17__509456.jpg,-0.204
2021_3_27__14_34_17__609264.jpg,-0.214
2021_3_27__14_34_17__709655.jpg,-0.235
2021_3_27__14_34_17__809905.jpg,-0.252
2021_3_27__14_34_17__913213.jpg,-0.259
2021_3_27__14_34_18__13967.jpg,-0.259
2021_3_27__14_34_18__114226.jpg,-0.259
2021_3_27__14_34_18__214876.jpg,-0.259
2021_3_27__14_34_18__314903.jpg,-0.259
2021_3_27__14_34_18__415304.jpg,-0.259
2021_3_27__14_34_18__515608.jpg,-0.259
2021_3_27__14_34_18__615472.jpg,-0.255
2021_3_27__14_34_18__715881.jpg,-0.218
2021_3_27__14_34_18__820888.jpg,-0.204
2021_3_27__14_34_18__919883.jpg,-0.187
2021_3_27__14_34_19__22790.jpg,-0.184
2021_3_27__14_34_19__124584.jpg,-0.184
2021_3_27__14_34_19__225719.jpg,-0.184
2021_3_27__14_34_19__325911.jpg,-0.184
2021_3_27__14_34_19__427597.jpg,-0.184
2021_3_27__14_34_19__527094.jpg,-0.184
2021_3_27__14_34_19__626940.jpg,-0.184
2021_3_27__14_34_19__727208.jpg,-0.184
2021_3_27__14_34_19__829687.jpg,-0.184
2021_3_27__14_34_19__930925.jpg,-0.184
2021_3_27__14_34_20__30253.jpg,-0.184
2021_3_27__14_34_20__130422.jpg,-0.184
2021_3_27__14_34_20__230490.jpg,-0.184
2021_3_27__14_34_20__331135.jpg,-0.184
2021_3_27__14_34_20__430953.jpg,-0.184
2021_3_27__14_34_20__531326.jpg,-0.184
2021_3_27__14_34_20__632946.jpg,-0.184
2021_3_27__14_34_20__732299.jpg,-0.184
2021_3_27__14_34_20__832145.jpg,-0.184
2021_3_27__14_34_20__933404.jpg,-0.184
2021_3_27__14_34_21__33316.jpg,-0.184
2021_3_27__14_34_21__133699.jpg,-0.184
2021_3_27__14_34_21__233968.jpg,-0.184
2021_3_27__14_34_21__334809.jpg,-0.184
2021_3_27__14_34_21__433842.jpg,-0.184
2021_3_27__14_34_21__534702.jpg,-0.184
2021_3_27__14_34_21__635419.jpg,-0.184
2021_3_27__14_34_21__735716.jpg,-0.184
2021_3_27__14_34_21__835643.jpg,-0.184
2021_3_27__14_34_21__936251.jpg,-0.184
2021_3_27__14_34_22__36309.jpg,-0.184
2021_3_27__14_34_22__136417.jpg,-0.184
2021_3_27__14_34_22__236850.jpg,-0.184
2021_3_27__14_34_22__336982.jpg,-0.184
2021_3_27__14_34_22__436903.jpg,-0.184
2021_3_27__14_34_22__537259.jpg,-0.19
2021_3_27__14_34_22__637376.jpg,-0.19
2021_3_27__14_34_22__738191.jpg,-0.19
2021_3_27__14_34_22__839057.jpg,-0.19
2021_3_27__14_34_22__939102.jpg,-0.19
2021_3_27__14_34_23__40453.jpg,-0.197
2021_3_27__14_34_23__142512.jpg,-0.204
2021_3_27__14_34_23__242748.jpg,-0.211
2021_3_27__14_34_23__343650.jpg,-0.211
2021_3_27__14_34_23__443197.jpg,-0.211
2021_3_27__14_34_23__543354.jpg,-0.211
2021_3_27__14_34_23__644941.jpg,-0.204
2021_3_27__14_34_23__744964.jpg,-0.197
2021_3_27__14_34_23__845268.jpg,-0.187
2021_3_27__14_34_23__945377.jpg,-0.187
2021_3_27__14_34_24__48909.jpg,-0.187
2021_3_27__14_34_24__146311.jpg,-0.187
2021_3_27__14_34_24__246827.jpg,-0.187
2021_3_27__14_34_24__347253.jpg,-0.187
2021_3_27__14_34_24__448864.jpg,-0.187
2021_3_27__14_34_24__548937.jpg,-0.187
2021_3_27__14_34_24__647929.jpg,-0.187
2021_3_27__14_34_24__747987.jpg,-0.187
2021_3_27__14_34_24__850604.jpg,-0.18
2021_3_27__14_34_24__949480.jpg,-0.167
2021_3_27__14_34_25__53179.jpg,-0.163
2021_3_27__14_34_25__152965.jpg,-0.146
2021_3_27__14_34_25__253214.jpg,-0.126
2021_3_27__14_34_25__357914.jpg,-0.068
2021_3_27__14_34_25__456207.jpg,-0.058
2021_3_27__14_34_25__555846.jpg,-0.041
2021_3_27__14_34_25__655560.jpg,-0.01
2021_3_27__14_34_25__756007.jpg,-0.003
2021_3_27__14_34_25__856223.jpg,-0.003
2021_3_27__14_34_25__960854.jpg,0.017
2021_3_27__14_34_26__61450.jpg,0.024
2021_3_27__14_34_26__161725.jpg,0.031
2021_3_27__14_34_26__262506.jpg,0.037
2021_3_27__14_34_26__362370.jpg,0.041
2021_3_27__14_34_26__461902.jpg,0.041
2021_3_27__14_34_26__561958.jpg,0.041
2021_3_27__14_34_26__662664.jpg,0.041
2021_3_27__14_34_26__762634.jpg,0.041
2021_3_27__14_34_26__863153.jpg,0.041
2021_3_27__14_34_26__969525.jpg,0.048
2021_3_27__14_34_27__70207.jpg,0.048
2021_3_27__14_34_27__175621.jpg,0.048
2021_3_27__14_34_27__277903.jpg,0.048
2021_3_27__14_34_27__376817.jpg,0.058
2021_3_27__14_34_27__477304.jpg,0.065
2021_3_27__14_34_27__577822.jpg,0.071
2021_3_27__14_34_27__680233.jpg,0.085
2021_3_27__14_34_27__780158.jpg,0.088
2021_3_27__14_34_27__880424.jpg,0.088
2021_3_27__14_34_27__982529.jpg,0.095
2021_3_27__14_34_28__82444.jpg,0.095
2021_3_27__14_34_28__182444.jpg,0.095
2021_3_27__14_34_28__283300.jpg,0.095
2021_3_27__14_34_28__383060.jpg,0.092
2021_3_27__14_34_28__483998.jpg,0.092
2021_3_27__14_34_28__582958.jpg,0.092
2021_3_27__14_34_28__683015.jpg,0.092
2021_3_27__14_34_28__783257.jpg,0.092
2021_3_27__14_34_28__883802.jpg,0.092
2021_3_27__14_34_28__984417.jpg,0.112
2021_3_27__14_34_29__84861.jpg,0.126
2021_3_27__14_34_29__184875.jpg,0.126
2021_3_27__14_34_29__285117.jpg,0.126
2021_3_27__14_34_29__385505.jpg,0.126
2021_3_27__14_34_29__485812.jpg,0.126
2021_3_27__14_34_29__586211.jpg,0.126
2021_3_27__14_34_29__689854.jpg,0.126
2021_3_27__14_34_29__790124.jpg,0.126
2021_3_27__14_34_29__890458.jpg,0.126
2021_3_27__14_34_29__993005.jpg,0.126
2021_3_27__14_34_30__92604.jpg,0.126
2021_3_27__14_34_30__193605.jpg,0.126
2021_3_27__14_34_30__295086.jpg,0.126
2021_3_27__14_34_30__394576.jpg,0.126
2021_3_27__14_34_30__494619.jpg,0.126
2021_3_27__14_34_30__594630.jpg,0.126
2021_3_27__14_34_30__696441.jpg,0.126
2021_3_27__14_34_30__795928.jpg,0.126
2021_3_27__14_34_30__895297.jpg,0.126
2021_3_27__14_34_30__995840.jpg,0.126
2021_3_27__14_34_31__96934.jpg,0.126
2021_3_27__14_34_31__198747.jpg,0.126
2021_3_27__14_34_31__299620.jpg,0.126
2021_3_27__14_34_31__398431.jpg,0.126
2021_3_27__14_34_31__498782.jpg,0.126
2021_3_27__14_34_31__599558.jpg,0.126
2021_3_27__14_34_31__700266.jpg,0.126
2021_3_27__14_34_31__799854.jpg,0.126
2021_3_27__14_34_31__899795.jpg,0.126
2021_3_27__14_34_31__999938.jpg,0.126
2021_3_27__14_34_32__100726.jpg,0.126
2021_3_27__14_34_32__203096.jpg,0.126
2021_3_27__14_34_32__303066.jpg,0.126
2021_3_27__14_34_32__403221.jpg,0.126
2021_3_27__14_34_32__503187.jpg,0.126
2021_3_27__14_34_32__604668.jpg,0.126
2021_3_27__14_34_32__704751.jpg,0.126
2021_3_27__14_34_32__804849.jpg,0.126
2021_3_27__14_34_32__904992.jpg,0.122
2021_3_27__14_34_33__5071.jpg,0.122
2021_3_27__14_34_33__105002.jpg,0.122
2021_3_27__14_34_33__209398.jpg,0.122
2021_3_27__14_34_33__310295.jpg,0.122
2021_3_27__14_34_33__409874.jpg,0.122
2021_3_27__14_34_33__511618.jpg,0.122
2021_3_27__14_34_33__612713.jpg,0.109
2021_3_27__14_34_33__717339.jpg,0.109
2021_3_27__14_34_33__817433.jpg,0.095
2021_3_27__14_34_33__918844.jpg,0.095
2021_3_27__14_34_34__19133.jpg,0.095
2021_3_27__14_34_34__119458.jpg,0.095
2021_3_27__14_34_34__219667.jpg,0.099
2021_3_27__14_34_34__319898.jpg,0.139
2021_3_27__14_34_34__424318.jpg,0.16
2021_3_27__14_34_34__524016.jpg,0.17
2021_3_27__14_34_34__626110.jpg,0.17
2021_3_27__14_34_34__726523.jpg,0.17
2021_3_27__14_34_34__828437.jpg,0.17
2021_3_27__14_34_34__934364.jpg,0.167
2021_3_27__14_34_35__34170.jpg,0.167
2021_3_27__14_34_35__133852.jpg,0.163
2021_3_27__14_34_35__234307.jpg,0.153
2021_3_27__14_34_35__334233.jpg,0.136
2021_3_27__14_34_35__434687.jpg,0.126
2021_3_27__14_34_35__537310.jpg,0.105
2021_3_27__14_34_35__636335.jpg,0.071
2021_3_27__14_34_35__736672.jpg,0.024
2021_3_27__14_34_35__836650.jpg,0.02
2021_3_27__14_34_35__936811.jpg,0.02
2021_3_27__14_34_36__37687.jpg,0.02
2021_3_27__14_34_36__138366.jpg,0.02
2021_3_27__14_34_36__237838.jpg,0.027
2021_3_27__14_34_36__340028.jpg,0.061
2021_3_27__14_34_36__440013.jpg,0.065
2021_3_27__14_34_36__540009.jpg,0.065
2021_3_27__14_34_36__640110.jpg,0.065
2021_3_27__14_34_36__743751.jpg,0.065
2021_3_27__14_34_36__844007.jpg,0.065
2021_3_27__14_34_36__944599.jpg,0.065
2021_3_27__14_34_37__45025.jpg,0.065
2021_3_27__14_34_37__147703.jpg,0.065
2021_3_27__14_34_37__247162.jpg,0.065
2021_3_27__14_34_37__347345.jpg,0.061
2021_3_27__14_34_37__447403.jpg,0.061
2021_3_27__14_34_37__547672.jpg,0.061
2021_3_27__14_34_37__648061.jpg,0.061
2021_3_27__14_34_37__748410.jpg,0.061
2021_3_27__14_34_37__848889.jpg,0.061
2021_3_27__14_34_37__949366.jpg,0.061
2021_3_27__14_34_38__49458.jpg,0.061
2021_3_27__14_34_38__149430.jpg,0.061
2021_3_27__14_34_38__249727.jpg,0.061
2021_3_27__14_34_38__350426.jpg,0.061
2021_3_27__14_34_38__450831.jpg,0.061
2021_3_27__14_34_38__550850.jpg,0.078
2021_3_27__14_34_38__651020.jpg,0.082
2021_3_27__14_34_38__752078.jpg,0.082
2021_3_27__14_34_38__852163.jpg,0.082
2021_3_27__14_34_38__951698.jpg,0.078
2021_3_27__14_34_39__51714.jpg,0.061
2021_3_27__14_34_39__153022.jpg,0.034
2021_3_27__14_34_39__254064.jpg,0.027
2021_3_27__14_34_39__356677.jpg,0.027
2021_3_27__14_34_39__455747.jpg,0.024
2021_3_27__14_34_39__558217.jpg,0.017
2021_3_27__14_34_39__659569.jpg,0.014
2021_3_27__14_34_39__758421.jpg,0.014
2021_3_27__14_34_39__858751.jpg,0.014
2021_3_27__14_34_39__959541.jpg,0.014
2021_3_27__14_34_40__63751.jpg,0.014
2021_3_27__14_34_40__164046.jpg,0.01
2021_3_27__14_34_40__265971.jpg,0.007
2021_3_27__14_34_40__366329.jpg,0.007
2021_3_27__14_34_40__466304.jpg,0.007
2021_3_27__14_34_40__568509.jpg,0.007
2021_3_27__14_34_40__669050.jpg,0.007
2021_3_27__14_34_40__770736.jpg,0.007
2021_3_27__14_34_40__871073.jpg,0.007
2021_3_27__14_34_40__971109.jpg,0.007
2021_3_27__14_34_41__71690.jpg,0.007
2021_3_27__14_34_41__171995.jpg,0.007
2021_3_27__14_34_41__272383.jpg,0.007
2021_3_27__14_34_41__372470.jpg,0.007
2021_3_27__14_34_41__473525.jpg,0.007
2021_3_27__14_34_41__573780.jpg,0.007
2021_3_27__14_34_41__673918.jpg,0.007
2021_3_27__14_34_41__774063.jpg,0.007
2021_3_27__14_34_41__875272.jpg,0.007
2021_3_27__14_34_41__975744.jpg,0.007
2021_3_27__14_34_42__76966.jpg,0.007
2021_3_27__14_34_42__176529.jpg,0.007
2021_3_27__14_34_42__277130.jpg,0.007
2021_3_27__14_34_42__376896.jpg,0.007
2021_3_27__14_34_42__480575.jpg,0.007
2021_3_27__14_34_42__580592.jpg,0.007
2021_3_27__14_34_42__685409.jpg,0.007
2021_3_27__14_34_42__786943.jpg,0.007
2021_3_27__14_34_42__887412.jpg,0.007
2021_3_27__14_34_42__988804.jpg,0.007
2021_3_27__14_34_43__91026.jpg,0.007
2021_3_27__14_34_43__192872.jpg,0.007
2021_3_27__14_34_43__289689.jpg,0.007
2021_3_27__14_34_43__390008.jpg,0.007
2021_3_27__14_34_43__491382.jpg,0.007
2021_3_27__14_34_43__592457.jpg,0.007
2021_3_27__14_34_43__692206.jpg,0.007
2021_3_27__14_34_43__793741.jpg,0.007
2021_3_27__14_34_43__895097.jpg,0.007
2021_3_27__14_34_43__995162.jpg,0.007
2021_3_27__14_34_44__94526.jpg,0.007
2021_3_27__14_34_44__197253.jpg,0.007
2021_3_27__14_34_44__297607.jpg,0.007
2021_3_27__14_34_44__397889.jpg,0.007
2021_3_27__14_34_44__497960.jpg,0.007
2021_3_27__14_34_44__603901.jpg,0.007
2021_3_27__14_34_44__704745.jpg,0.007
2021_3_27__14_34_44__804072.jpg,0.007
2021_3_27__14_34_44__906775.jpg,0.007
2021_3_27__14_34_45__6265.jpg,0.007
2021_3_27__14_34_45__105634.jpg,0.007
2021_3_27__14_34_45__205958.jpg,-0.01
2021_3_27__14_34_45__306559.jpg,-0.02
2021_3_27__14_34_45__406943.jpg,-0.02
2021_3_27__14_34_45__509644.jpg,-0.02
2021_3_27__14_34_45__609560.jpg,-0.02
2021_3_27__14_34_45__710149.jpg,-0.02
2021_3_27__14_34_45__813578.jpg,-0.02
2021_3_27__14_34_45__914365.jpg,-0.02
2021_3_27__14_34_46__14287.jpg,-0.02
2021_3_27__14_34_46__114767.jpg,-0.02
2021_3_27__14_34_46__215093.jpg,-0.02
2021_3_27__14_34_46__315482.jpg,-0.02
2021_3_27__14_34_46__415576.jpg,-0.02
2021_3_27__14_34_46__517823.jpg,-0.02
2021_3_27__14_34_46__620543.jpg,-0.02
2021_3_27__14_34_46__722556.jpg,-0.02
2021_3_27__14_34_46__826661.jpg,-0.02
2021_3_27__14_34_46__927139.jpg,-0.02
2021_3_27__14_34_47__29125.jpg,-0.02
2021_3_27__14_34_47__134505.jpg,-0.02
2021_3_27__14_34_47__234291.jpg,-0.017
2021_3_27__14_34_47__341091.jpg,-0.014
2021_3_27__14_34_47__439918.jpg,-0.014
2021_3_27__14_34_47__541027.jpg,-0.014
2021_3_27__14_34_47__640908.jpg,-0.014
2021_3_27__14_34_47__741847.jpg,-0.014
2021_3_27__14_34_47__844128.jpg,-0.014
2021_3_27__14_34_47__943245.jpg,-0.014
2021_3_27__14_34_48__44119.jpg,-0.014
2021_3_27__14_34_48__144887.jpg,0.003
2021_3_27__14_34_48__244713.jpg,0.027
2021_3_27__14_34_48__345535.jpg,0.051
2021_3_27__14_34_48__450198.jpg,0.065
2021_3_27__14_34_48__551411.jpg,0.078
2021_3_27__14_34_48__651660.jpg,0.078
2021_3_27__14_34_48__754971.jpg,0.078
2021_3_27__14_34_48__855230.jpg,0.112
2021_3_27__14_34_48__955996.jpg,0.156
2021_3_27__14_34_49__57743.jpg,0.177
2021_3_27__14_34_49__157948.jpg,0.177
2021_3_27__14_34_49__259660.jpg,0.177
2021_3_27__14_34_49__359497.jpg,0.177
2021_3_27__14_34_49__460305.jpg,0.177
2021_3_27__14_34_49__560004.jpg,0.177
2021_3_27__14_34_49__659950.jpg,0.177
2021_3_27__14_34_49__760063.jpg,0.173
2021_3_27__14_34_49__861201.jpg,0.153
2021_3_27__14_34_49__961454.jpg,0.105
2021_3_27__14_34_50__61339.jpg,0.085
2021_3_27__14_34_50__163129.jpg,0.061
2021_3_27__14_34_50__263312.jpg,0.061
2021_3_27__14_34_50__365975.jpg,0.061
2021_3_27__14_34_50__464325.jpg,0.061
2021_3_27__14_34_50__565083.jpg,0.061
2021_3_27__14_34_50__664356.jpg,0.061
2021_3_27__14_34_50__764212.jpg,0.061
2021_3_27__14_34_50__864547.jpg,0.061
2021_3_27__14_34_50__965416.jpg,0.061
2021_3_27__14_34_51__65877.jpg,0.061
2021_3_27__14_34_51__165886.jpg,0.061
2021_3_27__14_34_51__265663.jpg,0.061
2021_3_27__14_34_51__367081.jpg,0.085
2021_3_27__14_34_51__467451.jpg,0.092
2021_3_27__14_34_51__567710.jpg,0.109
2021_3_27__14_34_51__668934.jpg,0.126
2021_3_27__14_34_51__768822.jpg,0.129
2021_3_27__14_34_51__869203.jpg,0.129
2021_3_27__14_34_51__970509.jpg,0.129
2021_3_27__14_34_52__74025.jpg,0.129
2021_3_27__14_34_52__174061.jpg,0.129
2021_3_27__14_34_52__274811.jpg,0.129
2021_3_27__14_34_52__375712.jpg,0.129
2021_3_27__14_34_52__475490.jpg,0.129
2021_3_27__14_34_52__577099.jpg,0.129
2021_3_27__14_34_52__677341.jpg,0.129
2021_3_27__14_34_52__777280.jpg,0.129
2021_3_27__14_34_52__880252.jpg,0.129
2021_3_27__14_34_52__981920.jpg,0.129
2021_3_27__14_34_53__83878.jpg,0.129
2021_3_27__14_34_53__184013.jpg,0.129
2021_3_27__14_34_53__291541.jpg,0.129
2021_3_27__14_34_53__389408.jpg,0.129
2021_3_27__14_34_53__488216.jpg,0.129
2021_3_27__14_34_53__588438.jpg,0.129
2021_3_27__14_34_53__688549.jpg,0.129
2021_3_27__14_34_53__790691.jpg,0.129
2021_3_27__14_34_53__890912.jpg,0.129
2021_3_27__14_34_53__990508.jpg,0.129
2021_3_27__14_34_54__90557.jpg,0.129
2021_3_27__14_34_54__191610.jpg,0.129
2021_3_27__14_34_54__292720.jpg,0.129
2021_3_27__14_34_54__392855.jpg,0.129
2021_3_27__14_34_54__493050.jpg,0.129
2021_3_27__14_34_54__593116.jpg,0.129
2021_3_27__14_34_54__693988.jpg,0.129
2021_3_27__14_34_54__796936.jpg,0.129
2021_3_27__14_34_54__896938.jpg,0.129
2021_3_27__14_34_54__998081.jpg,0.129
2021_3_27__14_34_55__99248.jpg,0.129
2021_3_27__14_34_55__199453.jpg,0.129
2021_3_27__14_34_55__299657.jpg,0.129
2021_3_27__14_34_55__400017.jpg,0.139
2021_3_27__14_34_55__500175.jpg,0.167
2021_3_27__14_34_55__600106.jpg,0.17
2021_3_27__14_34_55__702482.jpg,0.17
2021_3_27__14_34_55__801498.jpg,0.17
2021_3_27__14_34_55__902004.jpg,0.17
2021_3_27__14_34_56__2163.jpg,0.17
2021_3_27__14_34_56__102663.jpg,0.17
2021_3_27__14_34_56__202821.jpg,0.17
2021_3_27__14_34_56__302960.jpg,0.17
2021_3_27__14_34_56__402934.jpg,0.17
2021_3_27__14_34_56__503138.jpg,0.17
2021_3_27__14_34_56__603390.jpg,0.17
2021_3_27__14_34_56__705381.jpg,0.17
2021_3_27__14_34_56__806353.jpg,0.17
2021_3_27__14_34_56__905875.jpg,0.17
2021_3_27__14_34_57__5961.jpg,0.17
2021_3_27__14_34_57__106424.jpg,0.17
2021_3_27__14_34_57__206387.jpg,0.17
2021_3_27__14_34_57__307438.jpg,0.17
2021_3_27__14_34_57__408740.jpg,0.17
2021_3_27__14_34_57__507659.jpg,0.17
2021_3_27__14_34_57__607845.jpg,0.17
2021_3_27__14_34_57__707586.jpg,0.17
2021_3_27__14_34_57__808962.jpg,0.17
2021_3_27__14_34_57__916816.jpg,0.19
2021_3_27__14_34_58__11330.jpg,0.194
2021_3_27__14_34_58__111354.jpg,0.194
2021_3_27__14_34_58__213196.jpg,0.194
2021_3_27__14_34_58__312787.jpg,0.194
2021_3_27__14_34_58__412371.jpg,0.194
2021_3_27__14_34_58__512349.jpg,0.194
2021_3_27__14_34_58__614351.jpg,0.194
2021_3_27__14_34_58__718827.jpg,0.194
2021_3_27__14_34_58__819754.jpg,0.194
2021_3_27__14_34_58__919946.jpg,0.194
2021_3_27__14_34_59__19832.jpg,0.194
2021_3_27__14_34_59__121654.jpg,0.194
2021_3_27__14_34_59__221706.jpg,0.194
2021_3_27__14_34_59__321681.jpg,0.194
2021_3_27__14_34_59__423284.jpg,0.194
2021_3_27__14_34_59__525104.jpg,0.17
2021_3_27__14_34_59__625041.jpg,0.163
2021_3_27__14_34_59__725582.jpg,0.156
2021_3_27__14_34_59__826406.jpg,0.156
2021_3_27__14_34_59__925827.jpg,0.156
2021_3_27__14_35_0__30461.jpg,0.156
2021_3_27__14_35_0__129373.jpg,0.156
2021_3_27__14_35_0__229061.jpg,0.156
2021_3_27__14_35_0__332089.jpg,0.156
2021_3_27__14_35_0__430975.jpg,0.156
2021_3_27__14_35_0__533367.jpg,0.156
2021_3_27__14_35_0__635978.jpg,0.156
2021_3_27__14_35_0__736859.jpg,0.156
2021_3_27__14_35_0__836341.jpg,0.156
2021_3_27__14_35_0__938447.jpg,0.156
2021_3_27__14_35_1__41683.jpg,0.156
2021_3_27__14_35_1__141752.jpg,0.156
2021_3_27__14_35_1__243090.jpg,0.163
2021_3_27__14_35_1__344419.jpg,0.173
2021_3_27__14_35_1__444747.jpg,0.187
2021_3_27__14_35_1__544544.jpg,0.204
2021_3_27__14_35_1__644635.jpg,0.204
2021_3_27__14_35_1__745347.jpg,0.204
2021_3_27__14_35_1__844977.jpg,0.204
2021_3_27__14_35_1__948101.jpg,0.204
2021_3_27__14_35_2__50210.jpg,0.204
2021_3_27__14_35_2__154375.jpg,0.204
2021_3_27__14_35_2__248718.jpg,0.204
2021_3_27__14_35_2__347985.jpg,0.204
2021_3_27__14_35_2__448629.jpg,0.204
2021_3_27__14_35_2__548424.jpg,0.204
2021_3_27__14_35_2__649313.jpg,0.204
2021_3_27__14_35_2__749015.jpg,0.204
2021_3_27__14_35_2__848845.jpg,0.204
2021_3_27__14_35_2__949081.jpg,0.204
2021_3_27__14_35_3__49301.jpg,0.201
2021_3_27__14_35_3__150541.jpg,0.197
2021_3_27__14_35_3__252463.jpg,0.187
2021_3_27__14_35_3__350980.jpg,0.187
2021_3_27__14_35_3__450639.jpg,0.187
2021_3_27__14_35_3__550756.jpg,0.187
2021_3_27__14_35_3__650911.jpg,0.187
2021_3_27__14_35_3__751153.jpg,0.187
2021_3_27__14_35_3__851061.jpg,0.187
2021_3_27__14_35_3__952013.jpg,0.187
2021_3_27__14_35_4__52251.jpg,0.187
2021_3_27__14_35_4__160862.jpg,0.187
2021_3_27__14_35_4__265988.jpg,0.187
2021_3_27__14_35_4__364459.jpg,0.187
2021_3_27__14_35_4__464549.jpg,0.187
2021_3_27__14_35_4__565293.jpg,0.187
2021_3_27__14_35_4__665712.jpg,0.187
2021_3_27__14_35_4__765105.jpg,0.187
2021_3_27__14_35_4__865593.jpg,0.187
2021_3_27__14_35_4__968816.jpg,0.187
2021_3_27__14_35_5__73441.jpg,0.187
2021_3_27__14_35_5__173967.jpg,0.187
2021_3_27__14_35_5__274692.jpg,0.187
2021_3_27__14_35_5__374581.jpg,0.187
2021_3_27__14_35_5__475732.jpg,0.187
2021_3_27__14_35_5__575476.jpg,0.187
2021_3_27__14_35_5__675585.jpg,0.187
2021_3_27__14_35_5__776784.jpg,0.187
2021_3_27__14_35_5__878853.jpg,0.187
2021_3_27__14_35_5__978695.jpg,0.187
2021_3_27__14_35_6__78800.jpg,0.187
2021_3_27__14_35_6__180049.jpg,0.187
2021_3_27__14_35_6__285502.jpg,0.187
2021_3_27__14_35_6__386885.jpg,0.187
2021_3_27__14_35_6__486564.jpg,0.187
2021_3_27__14_35_6__586653.jpg,0.187
2021_3_27__14_35_6__687757.jpg,0.187
2021_3_27__14_35_6__788968.jpg,0.187
2021_3_27__14_35_6__888812.jpg,0.187
2021_3_27__14_35_6__988648.jpg,0.187
2021_3_27__14_35_7__92358.jpg,0.187
2021_3_27__14_35_7__193970.jpg,0.187
2021_3_27__14_35_7__294225.jpg,0.187
2021_3_27__14_35_7__394690.jpg,0.187
2021_3_27__14_35_7__494470.jpg,0.187
2021_3_27__14_35_7__595875.jpg,0.187
2021_3_27__14_35_7__696908.jpg,0.187
2021_3_27__14_35_7__795333.jpg,0.19
2021_3_27__14_35_7__894976.jpg,0.197
2021_3_27__14_35_7__999450.jpg,0.197
2021_3_27__14_35_8__99347.jpg,0.197
2021_3_27__14_35_8__200297.jpg,0.197
2021_3_27__14_35_8__299702.jpg,0.197
2021_3_27__14_35_8__399909.jpg,0.197
2021_3_27__14_35_8__501306.jpg,0.197
2021_3_27__14_35_8__602508.jpg,0.197
2021_3_27__14_35_8__704882.jpg,0.19
2021_3_27__14_35_8__804854.jpg,0.19
2021_3_27__14_35_8__904981.jpg,0.19
2021_3_27__14_35_9__8275.jpg,0.187
2021_3_27__14_35_9__112486.jpg,0.173
2021_3_27__14_35_9__207859.jpg,0.167
2021_3_27__14_35_9__310435.jpg,0.167
2021_3_27__14_35_9__412684.jpg,0.156
2021_3_27__14_35_9__514917.jpg,0.156
2021_3_27__14_35_9__614346.jpg,0.156
2021_3_27__14_35_9__714624.jpg,0.156
2021_3_27__14_35_9__814795.jpg,0.156
2021_3_27__14_35_9__920580.jpg,0.156
2021_3_27__14_35_10__21836.jpg,0.156
2021_3_27__14_35_10__123069.jpg,0.156
2021_3_27__14_35_10__230227.jpg,0.156
2021_3_27__14_35_10__330338.jpg,0.156
2021_3_27__14_35_10__432469.jpg,0.156
2021_3_27__14_35_10__534505.jpg,0.156
2021_3_27__14_35_10__635231.jpg,0.156
2021_3_27__14_35_10__734901.jpg,0.156
2021_3_27__14_35_10__834677.jpg,0.156
2021_3_27__14_35_10__935058.jpg,0.156
2021_3_27__14_35_11__35569.jpg,0.156
2021_3_27__14_35_11__139004.jpg,0.156
2021_3_27__14_35_11__238529.jpg,0.156
2021_3_27__14_35_11__339766.jpg,0.156
2021_3_27__14_35_11__444058.jpg,0.156
2021_3_27__14_35_11__541193.jpg,0.156
2021_3_27__14_35_11__641167.jpg,0.156
2021_3_27__14_35_11__748034.jpg,0.156
2021_3_27__14_35_11__847251.jpg,0.156
2021_3_27__14_35_11__946735.jpg,0.156
2021_3_27__14_35_12__50733.jpg,0.156
2021_3_27__14_35_12__150637.jpg,0.156
2021_3_27__14_35_12__254844.jpg,0.156
2021_3_27__14_35_12__355883.jpg,0.156
2021_3_27__14_35_12__455556.jpg,0.156
2021_3_27__14_35_12__556408.jpg,0.156
2021_3_27__14_35_12__656084.jpg,0.156
2021_3_27__14_35_12__756328.jpg,0.156
2021_3_27__14_35_12__856133.jpg,0.156
2021_3_27__14_35_12__957338.jpg,0.156
2021_3_27__14_35_13__58330.jpg,0.156
2021_3_27__14_35_13__158498.jpg,0.156
2021_3_27__14_35_13__259840.jpg,0.156
2021_3_27__14_35_13__360146.jpg,0.156
2021_3_27__14_35_13__460055.jpg,0.156
2021_3_27__14_35_13__560128.jpg,0.156
2021_3_27__14_35_13__660747.jpg,0.156
2021_3_27__14_35_13__762118.jpg,0.156
2021_3_27__14_35_13__862046.jpg,0.156
2021_3_27__14_35_13__964389.jpg,0.156
2021_3_27__14_35_14__64344.jpg,0.156
2021_3_27__14_35_14__165694.jpg,0.156
2021_3_27__14_35_14__267039.jpg,0.156
2021_3_27__14_35_14__388369.jpg,0.156
2021_3_27__14_35_14__488956.jpg,0.156
2021_3_27__14_35_14__587261.jpg,0.156
2021_3_27__14_35_14__687167.jpg,0.156
2021_3_27__14_35_14__787123.jpg,0.156
2021_3_27__14_35_14__887468.jpg,0.156
2021_3_27__14_35_14__988067.jpg,0.153
2021_3_27__14_35_15__89755.jpg,0.146
2021_3_27__14_35_15__189517.jpg,0.143
2021_3_27__14_35_15__289675.jpg,0.133
2021_3_27__14_35_15__391597.jpg,0.122
2021_3_27__14_35_15__497206.jpg,0.105
2021_3_27__14_35_15__598797.jpg,0.105
2021_3_27__14_35_15__699296.jpg,0.105
2021_3_27__14_35_15__799459.jpg,0.105
2021_3_27__14_35_15__899423.jpg,0.102
2021_3_27__14_35_15__999831.jpg,0.099
2021_3_27__14_35_16__100297.jpg,0.099
2021_3_27__14_35_16__201781.jpg,0.095
2021_3_27__14_35_16__305428.jpg,0.095
2021_3_27__14_35_16__406309.jpg,0.092
2021_3_27__14_35_16__507507.jpg,0.088
2021_3_27__14_35_16__607585.jpg,0.088
2021_3_27__14_35_16__707982.jpg,0.088
2021_3_27__14_35_16__808867.jpg,0.088
2021_3_27__14_35_16__908465.jpg,0.088
2021_3_27__14_35_17__10789.jpg,0.088
2021_3_27__14_35_17__112715.jpg,0.088
2021_3_27__14_35_17__212914.jpg,0.088
2021_3_27__14_35_17__312851.jpg,0.088
2021_3_27__14_35_17__413972.jpg,0.071
2021_3_27__14_35_17__514449.jpg,0.048
2021_3_27__14_35_17__614982.jpg,0.02
2021_3_27__14_35_17__717659.jpg,-0.007
2021_3_27__14_35_17__828222.jpg,-0.061
2021_3_27__14_35_17__928780.jpg,-0.092
2021_3_27__14_35_18__29198.jpg,-0.095
2021_3_27__14_35_18__129620.jpg,-0.095
2021_3_27__14_35_18__229743.jpg,-0.095
2021_3_27__14_35_18__332665.jpg,-0.095
2021_3_27__14_35_18__432909.jpg,-0.095
2021_3_27__14_35_18__531794.jpg,-0.095
2021_3_27__14_35_18__631749.jpg,-0.102
2021_3_27__14_35_18__737796.jpg,-0.112
2021_3_27__14_35_18__838769.jpg,-0.116
2021_3_27__14_35_18__939264.jpg,-0.126
2021_3_27__14_35_19__38932.jpg,-0.126
2021_3_27__14_35_19__146810.jpg,-0.129
2021_3_27__14_35_19__247419.jpg,-0.15
2021_3_27__14_35_19__347241.jpg,-0.197
2021_3_27__14_35_19__452696.jpg,-0.241
2021_3_27__14_35_19__558164.jpg,-0.245
2021_3_27__14_35_19__659739.jpg,-0.245
2021_3_27__14_35_19__759664.jpg,-0.245
2021_3_27__14_35_19__861732.jpg,-0.245
2021_3_27__14_35_19__962460.jpg,-0.245
2021_3_27__14_35_20__63047.jpg,-0.245
2021_3_27__14_35_20__162975.jpg,-0.245
2021_3_27__14_35_20__264734.jpg,-0.245
2021_3_27__14_35_20__364670.jpg,-0.245
2021_3_27__14_35_20__465008.jpg,-0.245
2021_3_27__14_35_20__565203.jpg,-0.214
2021_3_27__14_35_20__669288.jpg,-0.19
2021_3_27__14_35_20__768983.jpg,-0.167
2021_3_27__14_35_20__869146.jpg,-0.156
2021_3_27__14_35_20__970831.jpg,-0.156
2021_3_27__14_35_21__70506.jpg,-0.156
2021_3_27__14_35_21__175238.jpg,-0.156
2021_3_27__14_35_21__275525.jpg,-0.156
2021_3_27__14_35_21__375846.jpg,-0.156
2021_3_27__14_35_21__481653.jpg,-0.156
2021_3_27__14_35_21__581748.jpg,-0.156
2021_3_27__14_35_21__683114.jpg,-0.156
2021_3_27__14_35_21__783156.jpg,-0.156
2021_3_27__14_35_21__883196.jpg,-0.156
2021_3_27__14_35_21__989728.jpg,-0.156
2021_3_27__14_35_22__91454.jpg,-0.18
2021_3_27__14_35_22__192077.jpg,-0.194
2021_3_27__14_35_22__291401.jpg,-0.194
2021_3_27__14_35_22__391935.jpg,-0.194
2021_3_27__14_35_22__495326.jpg,-0.194
2021_3_27__14_35_22__594181.jpg,-0.194
2021_3_27__14_35_22__693909.jpg,-0.194
2021_3_27__14_35_22__797663.jpg,-0.194
2021_3_27__14_35_22__899261.jpg,-0.194
2021_3_27__14_35_22__999876.jpg,-0.194
2021_3_27__14_35_23__98585.jpg,-0.194
2021_3_27__14_35_23__198864.jpg,-0.194
2021_3_27__14_35_23__298956.jpg,-0.194
2021_3_27__14_35_23__401743.jpg,-0.184
2021_3_27__14_35_23__502774.jpg,-0.16
2021_3_27__14_35_23__603281.jpg,-0.126
2021_3_27__14_35_23__703585.jpg,-0.085
2021_3_27__14_35_23__804452.jpg,-0.065
2021_3_27__14_35_23__904569.jpg,-0.065
2021_3_27__14_35_24__4689.jpg,-0.065
2021_3_27__14_35_24__105091.jpg,-0.065
2021_3_27__14_35_24__205081.jpg,-0.065
2021_3_27__14_35_24__305559.jpg,-0.065
2021_3_27__14_35_24__407137.jpg,-0.065
2021_3_27__14_35_24__507911.jpg,-0.065
2021_3_27__14_35_24__608018.jpg,-0.065
2021_3_27__14_35_24__709644.jpg,-0.065
2021_3_27__14_35_24__809791.jpg,-0.065
2021_3_27__14_35_24__910787.jpg,-0.065
2021_3_27__14_35_25__11417.jpg,-0.065
2021_3_27__14_35_25__113312.jpg,-0.065
2021_3_27__14_35_25__213775.jpg,-0.065
2021_3_27__14_35_25__317215.jpg,-0.065
2021_3_27__14_35_25__415731.jpg,-0.065
2021_3_27__14_35_25__521004.jpg,-0.065
2021_3_27__14_35_25__620959.jpg,-0.065
2021_3_27__14_35_25__722426.jpg,-0.065
2021_3_27__14_35_25__822945.jpg,-0.065
2021_3_27__14_35_25__926073.jpg,-0.092
2021_3_27__14_35_26__25571.jpg,-0.143
2021_3_27__14_35_26__126444.jpg,-0.143
2021_3_27__14_35_26__228281.jpg,-0.143
2021_3_27__14_35_26__328870.jpg,-0.143
2021_3_27__14_35_26__429316.jpg,-0.143
2021_3_27__14_35_26__529282.jpg,-0.143
2021_3_27__14_35_26__633869.jpg,-0.143
2021_3_27__14_35_26__734359.jpg,-0.143
2021_3_27__14_35_26__835101.jpg,-0.143
2021_3_27__14_35_26__936114.jpg,-0.088
2021_3_27__14_35_27__36876.jpg,-0.071
2021_3_27__14_35_27__139676.jpg,-0.048
2021_3_27__14_35_27__243333.jpg,-0.044
2021_3_27__14_35_27__343107.jpg,-0.01
2021_3_27__14_35_27__447038.jpg,0.007
2021_3_27__14_35_27__545358.jpg,0.007
2021_3_27__14_35_27__644783.jpg,0.007
2021_3_27__14_35_27__744173.jpg,-0.003
2021_3_27__14_35_27__844450.jpg,-0.024
2021_3_27__14_35_27__945280.jpg,-0.024
2021_3_27__14_35_28__45359.jpg,-0.024
2021_3_27__14_35_28__148960.jpg,-0.024
2021_3_27__14_35_28__250461.jpg,-0.024
2021_3_27__14_35_28__350552.jpg,-0.024
2021_3_27__14_35_28__457489.jpg,-0.024
2021_3_27__14_35_28__569623.jpg,-0.024
2021_3_27__14_35_28__667739.jpg,-0.024
2021_3_27__14_35_28__768108.jpg,-0.024
2021_3_27__14_35_28__868272.jpg,-0.024
2021_3_27__14_35_28__971320.jpg,-0.024
2021_3_27__14_35_29__71283.jpg,-0.024
2021_3_27__14_35_29__171403.jpg,-0.024
2021_3_27__14_35_29__273237.jpg,-0.024
2021_3_27__14_35_29__373255.jpg,-0.024
2021_3_27__14_35_29__485800.jpg,-0.02
2021_3_27__14_35_29__585858.jpg,-0.003
2021_3_27__14_35_29__686242.jpg,-0.003
2021_3_27__14_35_29__785846.jpg,-0.003
2021_3_27__14_35_29__887202.jpg,-0.003
2021_3_27__14_35_29__988982.jpg,-0.003
2021_3_27__14_35_30__89742.jpg,-0.003
2021_3_27__14_35_30__189355.jpg,-0.003
2021_3_27__14_35_30__289075.jpg,-0.003
2021_3_27__14_35_30__391339.jpg,-0.003
2021_3_27__14_35_30__492925.jpg,-0.003
2021_3_27__14_35_30__592868.jpg,-0.003
2021_3_27__14_35_30__697434.jpg,-0.003
2021_3_27__14_35_30__798893.jpg,-0.003
2021_3_27__14_35_30__898984.jpg,-0.003
2021_3_27__14_35_31__250.jpg,-0.003
2021_3_27__14_35_31__101813.jpg,-0.003
2021_3_27__14_35_31__200770.jpg,-0.003
2021_3_27__14_35_31__309339.jpg,-0.003
2021_3_27__14_35_31__409313.jpg,-0.003
2021_3_27__14_35_31__508986.jpg,-0.003
2021_3_27__14_35_31__608902.jpg,-0.003
2021_3_27__14_35_31__711620.jpg,-0.003
2021_3_27__14_35_31__811628.jpg,-0.003
2021_3_27__14_35_31__911829.jpg,-0.007
2021_3_27__14_35_32__15787.jpg,-0.01
2021_3_27__14_35_32__116041.jpg,-0.014
2021_3_27__14_35_32__216913.jpg,-0.014
2021_3_27__14_35_32__317664.jpg,-0.014
2021_3_27__14_35_32__417004.jpg,-0.014
2021_3_27__14_35_32__516304.jpg,-0.014
2021_3_27__14_35_32__617332.jpg,-0.014
2021_3_27__14_35_32__717276.jpg,-0.014
2021_3_27__14_35_32__818435.jpg,-0.014
2021_3_27__14_35_32__919545.jpg,-0.014
2021_3_27__14_35_33__20939.jpg,-0.014
2021_3_27__14_35_33__120034.jpg,-0.014
2021_3_27__14_35_33__220251.jpg,-0.014
2021_3_27__14_35_33__320002.jpg,-0.014
2021_3_27__14_35_33__432921.jpg,-0.014
2021_3_27__14_35_33__521070.jpg,-0.014
2021_3_27__14_35_33__624135.jpg,-0.014
2021_3_27__14_35_33__727135.jpg,-0.014
2021_3_27__14_35_33__827321.jpg,-0.014
2021_3_27__14_35_33__927441.jpg,-0.014
2021_3_27__14_35_34__28164.jpg,-0.014
2021_3_27__14_35_34__132728.jpg,-0.014
2021_3_27__14_35_34__233229.jpg,-0.014
2021_3_27__14_35_34__332962.jpg,-0.014
2021_3_27__14_35_34__436302.jpg,-0.014
2021_3_27__14_35_34__533691.jpg,-0.014
2021_3_27__14_35_34__633886.jpg,-0.014
2021_3_27__14_35_34__735368.jpg,-0.014
2021_3_27__14_35_34__836293.jpg,-0.014
2021_3_27__14_35_34__939050.jpg,-0.014
2021_3_27__14_35_35__38364.jpg,-0.014
2021_3_27__14_35_35__138234.jpg,-0.014
2021_3_27__14_35_35__240654.jpg,-0.014
2021_3_27__14_35_35__341296.jpg,-0.014
2021_3_27__14_35_35__442660.jpg,-0.014
2021_3_27__14_35_35__541327.jpg,-0.014
2021_3_27__14_35_35__641495.jpg,-0.014
2021_3_27__14_35_35__742297.jpg,-0.014
2021_3_27__14_35_35__844382.jpg,-0.014
2021_3_27__14_35_35__945550.jpg,-0.02
2021_3_27__14_35_36__45186.jpg,-0.02
2021_3_27__14_35_36__145075.jpg,-0.02
2021_3_27__14_35_36__244873.jpg,-0.02
2021_3_27__14_35_36__346020.jpg,-0.02
2021_3_27__14_35_36__447629.jpg,-0.02
2021_3_27__14_35_36__547686.jpg,-0.02
2021_3_27__14_35_36__651491.jpg,-0.02
2021_3_27__14_35_36__751679.jpg,-0.02
2021_3_27__14_35_36__854831.jpg,-0.02
2021_3_27__14_35_36__956785.jpg,-0.02
2021_3_27__14_35_37__57958.jpg,-0.02
2021_3_27__14_35_37__157523.jpg,-0.02
2021_3_27__14_35_37__258927.jpg,-0.02
2021_3_27__14_35_37__359028.jpg,-0.02
2021_3_27__14_35_37__459047.jpg,-0.02
2021_3_27__14_35_37__561067.jpg,-0.02
2021_3_27__14_35_37__661812.jpg,-0.02
2021_3_27__14_35_37__762741.jpg,-0.02
2021_3_27__14_35_37__863266.jpg,-0.02
2021_3_27__14_35_37__971256.jpg,-0.02
2021_3_27__14_35_38__74569.jpg,-0.02
2021_3_27__14_35_38__174352.jpg,-0.02
2021_3_27__14_35_38__277062.jpg,-0.02
2021_3_27__14_35_38__377434.jpg,-0.02
2021_3_27__14_35_38__478090.jpg,-0.02
2021_3_27__14_35_38__579791.jpg,-0.02
2021_3_27__14_35_38__679786.jpg,-0.02
2021_3_27__14_35_38__780264.jpg,-0.02
2021_3_27__14_35_38__880028.jpg,-0.02
2021_3_27__14_35_38__980508.jpg,-0.027
2021_3_27__14_35_39__80488.jpg,-0.044
2021_3_27__14_35_39__182058.jpg,-0.051
2021_3_27__14_35_39__281547.jpg,-0.051
2021_3_27__14_35_39__382132.jpg,-0.051
2021_3_27__14_35_39__481637.jpg,-0.051
2021_3_27__14_35_39__581749.jpg,-0.051
2021_3_27__14_35_39__682231.jpg,-0.051
2021_3_27__14_35_39__782090.jpg,-0.051
2021_3_27__14_35_39__888841.jpg,-0.051
2021_3_27__14_35_39__984077.jpg,-0.051
2021_3_27__14_35_40__89413.jpg,-0.051
2021_3_27__14_35_40__191847.jpg,-0.051
2021_3_27__14_35_40__291830.jpg,-0.051
2021_3_27__14_35_40__393298.jpg,-0.051
2021_3_27__14_35_40__492966.jpg,-0.078
2021_3_27__14_35_40__594573.jpg,-0.085
2021_3_27__14_35_40__695673.jpg,-0.085
2021_3_27__14_35_40__801387.jpg,-0.085
2021_3_27__14_35_40__899090.jpg,-0.085
2021_3_27__14_35_40__998104.jpg,-0.085
2021_3_27__14_35_41__97508.jpg,-0.085
2021_3_27__14_35_41__198864.jpg,-0.085
2021_3_27__14_35_41__301853.jpg,-0.095
2021_3_27__14_35_41__401481.jpg,-0.095
2021_3_27__14_35_41__506810.jpg,-0.095
2021_3_27__14_35_41__604803.jpg,-0.095
2021_3_27__14_35_41__708822.jpg,-0.102
2021_3_27__14_35_41__806099.jpg,-0.136
2021_3_27__14_35_41__906119.jpg,-0.15
2021_3_27__14_35_42__5873.jpg,-0.167
2021_3_27__14_35_42__107318.jpg,-0.184
2021_3_27__14_35_42__207770.jpg,-0.184
2021_3_27__14_35_42__307843.jpg,-0.187
2021_3_27__14_35_42__408292.jpg,-0.187
2021_3_27__14_35_42__509124.jpg,-0.187
2021_3_27__14_35_42__608666.jpg,-0.187
2021_3_27__14_35_42__710771.jpg,-0.187
2021_3_27__14_35_42__810875.jpg,-0.187
2021_3_27__14_35_42__911492.jpg,-0.187
2021_3_27__14_35_43__11805.jpg,-0.187
2021_3_27__14_35_43__112908.jpg,-0.204
2021_3_27__14_35_43__212818.jpg,-0.252
2021_3_27__14_35_43__312636.jpg,-0.252
2021_3_27__14_35_43__413672.jpg,-0.252
2021_3_27__14_35_43__513751.jpg,-0.252
2021_3_27__14_35_43__615770.jpg,-0.252
2021_3_27__14_35_43__714969.jpg,-0.252
2021_3_27__14_35_43__817614.jpg,-0.252
2021_3_27__14_35_43__917612.jpg,-0.252
2021_3_27__14_35_44__18799.jpg,-0.252
2021_3_27__14_35_44__118935.jpg,-0.252
2021_3_27__14_35_44__219787.jpg,-0.252
2021_3_27__14_35_44__322403.jpg,-0.245
2021_3_27__14_35_44__424230.jpg,-0.235
2021_3_27__14_35_44__525072.jpg,-0.194
2021_3_27__14_35_44__624509.jpg,-0.17
2021_3_27__14_35_44__727764.jpg,-0.16
2021_3_27__14_35_44__828829.jpg,-0.153
2021_3_27__14_35_44__930800.jpg,-0.153
2021_3_27__14_35_45__31132.jpg,-0.153
2021_3_27__14_35_45__131568.jpg,-0.153
2021_3_27__14_35_45__233883.jpg,-0.153
2021_3_27__14_35_45__332800.jpg,-0.156
2021_3_27__14_35_45__432569.jpg,-0.156
2021_3_27__14_35_45__532578.jpg,-0.156
2021_3_27__14_35_45__637918.jpg,-0.173
2021_3_27__14_35_45__749982.jpg,-0.207
2021_3_27__14_35_45__857590.jpg,-0.218
2021_3_27__14_35_45__957633.jpg,-0.224
2021_3_27__14_35_46__58442.jpg,-0.224
2021_3_27__14_35_46__159808.jpg,-0.224
2021_3_27__14_35_46__260034.jpg,-0.224
2021_3_27__14_35_46__363562.jpg,-0.224
2021_3_27__14_35_46__463221.jpg,-0.224
2021_3_27__14_35_46__563713.jpg,-0.224
2021_3_27__14_35_46__664231.jpg,-0.224
2021_3_27__14_35_46__764759.jpg,-0.224
2021_3_27__14_35_46__864782.jpg,-0.224
2021_3_27__14_35_46__966130.jpg,-0.224
2021_3_27__14_35_47__68255.jpg,-0.224
2021_3_27__14_35_47__167937.jpg,-0.224
2021_3_27__14_35_47__268238.jpg,-0.224
2021_3_27__14_35_47__368639.jpg,-0.224
2021_3_27__14_35_47__468780.jpg,-0.224
2021_3_27__14_35_47__570570.jpg,-0.224
2021_3_27__14_35_47__671642.jpg,-0.224
2021_3_27__14_35_47__771701.jpg,-0.224
2021_3_27__14_35_47__872771.jpg,-0.224
2021_3_27__14_35_47__972757.jpg,-0.224
2021_3_27__14_35_48__73137.jpg,-0.224
2021_3_27__14_35_48__173665.jpg,-0.224
2021_3_27__14_35_48__273873.jpg,-0.224
2021_3_27__14_35_48__374434.jpg,-0.224
2021_3_27__14_35_48__476210.jpg,-0.224
2021_3_27__14_35_48__576213.jpg,-0.224
2021_3_27__14_35_48__676775.jpg,-0.224
2021_3_27__14_35_48__780149.jpg,-0.224
2021_3_27__14_35_48__879768.jpg,-0.228
2021_3_27__14_35_48__981477.jpg,-0.248
2021_3_27__14_35_49__81783.jpg,-0.265
2021_3_27__14_35_49__183504.jpg,-0.265
2021_3_27__14_35_49__283762.jpg,-0.265
2021_3_27__14_35_49__384923.jpg,-0.265
2021_3_27__14_35_49__483770.jpg,-0.265
2021_3_27__14_35_49__583788.jpg,-0.265
2021_3_27__14_35_49__688367.jpg,-0.265
2021_3_27__14_35_49__790922.jpg,-0.265
2021_3_27__14_35_49__891817.jpg,-0.265
2021_3_27__14_35_49__991014.jpg,-0.265
2021_3_27__14_35_50__91037.jpg,-0.269
2021_3_27__14_35_50__194108.jpg,-0.218
2021_3_27__14_35_50__294779.jpg,-0.197
2021_3_27__14_35_50__392085.jpg,-0.197
2021_3_27__14_35_50__495861.jpg,-0.18
2021_3_27__14_35_50__595785.jpg,-0.18
2021_3_27__14_35_50__695439.jpg,-0.18
2021_3_27__14_35_50__795239.jpg,-0.18
2021_3_27__14_35_50__897767.jpg,-0.18
2021_3_27__14_35_50__996563.jpg,-0.18
2021_3_27__14_35_51__97886.jpg,-0.18
2021_3_27__14_35_51__198430.jpg,-0.18
2021_3_27__14_35_51__299242.jpg,-0.187
2021_3_27__14_35_51__399440.jpg,-0.194
2021_3_27__14_35_51__500113.jpg,-0.224
2021_3_27__14_35_51__601727.jpg,-0.241
2021_3_27__14_35_51__701956.jpg,-0.248
2021_3_27__14_35_51__803716.jpg,-0.265
2021_3_27__14_35_51__902965.jpg,-0.269
2021_3_27__14_35_52__2866.jpg,-0.269
2021_3_27__14_35_52__103089.jpg,-0.269
2021_3_27__14_35_52__203661.jpg,-0.269
2021_3_27__14_35_52__304928.jpg,-0.269
2021_3_27__14_35_52__404584.jpg,-0.269
2021_3_27__14_35_52__504758.jpg,-0.269
2021_3_27__14_35_52__604807.jpg,-0.269
2021_3_27__14_35_52__705456.jpg,-0.269
2021_3_27__14_35_52__805580.jpg,-0.269
2021_3_27__14_35_52__906401.jpg,-0.265
2021_3_27__14_35_53__6550.jpg,-0.231
2021_3_27__14_35_53__113409.jpg,-0.221
2021_3_27__14_35_53__212803.jpg,-0.221
2021_3_27__14_35_53__319932.jpg,-0.201
2021_3_27__14_35_53__423899.jpg,-0.201
2021_3_27__14_35_53__524770.jpg,-0.19
2021_3_27__14_35_53__625330.jpg,-0.177
2021_3_27__14_35_53__724773.jpg,-0.177
2021_3_27__14_35_53__824570.jpg,-0.177
2021_3_27__14_35_53__927266.jpg,-0.177
2021_3_27__14_35_54__26656.jpg,-0.177
2021_3_27__14_35_54__127633.jpg,-0.177
2021_3_27__14_35_54__226803.jpg,-0.177
2021_3_27__14_35_54__328587.jpg,-0.177
2021_3_27__14_35_54__427832.jpg,-0.177
2021_3_27__14_35_54__527849.jpg,-0.177
2021_3_27__14_35_54__629106.jpg,-0.177
2021_3_27__14_35_54__729900.jpg,-0.177
2021_3_27__14_35_54__829543.jpg,-0.177
2021_3_27__14_35_54__929936.jpg,-0.177
2021_3_27__14_35_55__30292.jpg,-0.177
2021_3_27__14_35_55__132699.jpg,-0.204
2021_3_27__14_35_55__231388.jpg,-0.211
2021_3_27__14_35_55__334947.jpg,-0.211
2021_3_27__14_35_55__434008.jpg,-0.211
2021_3_27__14_35_55__534026.jpg,-0.211
2021_3_27__14_35_55__633399.jpg,-0.211
2021_3_27__14_35_55__733520.jpg,-0.211
2021_3_27__14_35_55__834777.jpg,-0.211
2021_3_27__14_35_55__938410.jpg,-0.211
2021_3_27__14_35_56__41232.jpg,-0.211
2021_3_27__14_35_56__137875.jpg,-0.211
2021_3_27__14_35_56__239448.jpg,-0.211
2021_3_27__14_35_56__339503.jpg,-0.211
2021_3_27__14_35_56__439818.jpg,-0.211
2021_3_27__14_35_56__540823.jpg,-0.211
2021_3_27__14_35_56__643228.jpg,-0.211
2021_3_27__14_35_56__742856.jpg,-0.211
2021_3_27__14_35_56__842722.jpg,-0.211
2021_3_27__14_35_56__944114.jpg,-0.211
2021_3_27__14_35_57__45460.jpg,-0.211
2021_3_27__14_35_57__146867.jpg,-0.211
2021_3_27__14_35_57__247370.jpg,-0.211
2021_3_27__14_35_57__348817.jpg,-0.211
2021_3_27__14_35_57__451201.jpg,-0.211
2021_3_27__14_35_57__549666.jpg,-0.211
2021_3_27__14_35_57__652317.jpg,-0.211
2021_3_27__14_35_57__752401.jpg,-0.211
2021_3_27__14_35_57__851801.jpg,-0.211
2021_3_27__14_35_57__952317.jpg,-0.211
2021_3_27__14_35_58__53476.jpg,-0.211
2021_3_27__14_35_58__154263.jpg,-0.211
2021_3_27__14_35_58__254011.jpg,-0.211
2021_3_27__14_35_58__354261.jpg,-0.211
2021_3_27__14_35_58__454322.jpg,-0.211
2021_3_27__14_35_58__556605.jpg,-0.211
2021_3_27__14_35_58__655526.jpg,-0.211
2021_3_27__14_35_58__755251.jpg,-0.211
2021_3_27__14_35_58__855360.jpg,-0.211
2021_3_27__14_35_58__955536.jpg,-0.211
2021_3_27__14_35_59__55670.jpg,-0.211
2021_3_27__14_35_59__158213.jpg,-0.211
2021_3_27__14_35_59__256881.jpg,-0.211
2021_3_27__14_35_59__357788.jpg,-0.211
2021_3_27__14_35_59__461362.jpg,-0.211
2021_3_27__14_35_59__564890.jpg,-0.211
2021_3_27__14_35_59__664816.jpg,-0.211
2021_3_27__14_35_59__765286.jpg,-0.211
2021_3_27__14_35_59__865226.jpg,-0.204
2021_3_27__14_35_59__965288.jpg,-0.197
2021_3_27__14_36_0__68083.jpg,-0.173
2021_3_27__14_36_0__192332.jpg,-0.139
2021_3_27__14_36_0__295466.jpg,-0.133
2021_3_27__14_36_0__394611.jpg,-0.133
2021_3_27__14_36_0__491397.jpg,-0.133
2021_3_27__14_36_0__590907.jpg,-0.133
2021_3_27__14_36_0__691403.jpg,-0.133
2021_3_27__14_36_0__793039.jpg,-0.133
2021_3_27__14_36_0__892750.jpg,-0.133
2021_3_27__14_36_0__994780.jpg,-0.133
2021_3_27__14_36_1__94864.jpg,-0.133
2021_3_27__14_36_1__195350.jpg,-0.129
2021_3_27__14_36_1__297476.jpg,-0.109
2021_3_27__14_36_1__403739.jpg,-0.099
2021_3_27__14_36_1__504601.jpg,-0.078
2021_3_27__14_36_1__609174.jpg,-0.065
2021_3_27__14_36_1__708825.jpg,-0.065
2021_3_27__14_36_1__809092.jpg,-0.065
2021_3_27__14_36_1__910537.jpg,-0.065
2021_3_27__14_36_2__20313.jpg,-0.031
2021_3_27__14_36_2__118535.jpg,-0.003
2021_3_27__14_36_2__223578.jpg,0.02
2021_3_27__14_36_2__341062.jpg,0.024
2021_3_27__14_36_2__439199.jpg,0.024
2021_3_27__14_36_2__538998.jpg,0.031
2021_3_27__14_36_2__638530.jpg,0.031
2021_3_27__14_36_2__739286.jpg,0.041
2021_3_27__14_36_2__839726.jpg,0.082
2021_3_27__14_36_2__939645.jpg,0.095
2021_3_27__14_36_3__40874.jpg,0.129
2021_3_27__14_36_3__140425.jpg,0.136
2021_3_27__14_36_3__244042.jpg,0.136
2021_3_27__14_36_3__347678.jpg,0.136
2021_3_27__14_36_3__447814.jpg,0.136
2021_3_27__14_36_3__547855.jpg,0.136
2021_3_27__14_36_3__650575.jpg,0.126
2021_3_27__14_36_3__752542.jpg,0.082
2021_3_27__14_36_3__851956.jpg,0.065
2021_3_27__14_36_3__952880.jpg,0.051
2021_3_27__14_36_4__55476.jpg,0.031
2021_3_27__14_36_4__158226.jpg,0.031
2021_3_27__14_36_4__254245.jpg,0.031
2021_3_27__14_36_4__354357.jpg,0.031
2021_3_27__14_36_4__457100.jpg,0.031
2021_3_27__14_36_4__559628.jpg,0.031
2021_3_27__14_36_4__659771.jpg,0.031
2021_3_27__14_36_4__759207.jpg,0.031
2021_3_27__14_36_4__859660.jpg,0.031
2021_3_27__14_36_4__959579.jpg,0.031
2021_3_27__14_36_5__67009.jpg,0.031
2021_3_27__14_36_5__162422.jpg,0.031
2021_3_27__14_36_5__265404.jpg,0.041
2021_3_27__14_36_5__368895.jpg,0.075
2021_3_27__14_36_5__469406.jpg,0.088
2021_3_27__14_36_5__572190.jpg,0.122
2021_3_27__14_36_5__673095.jpg,0.133
2021_3_27__14_36_5__773241.jpg,0.136
2021_3_27__14_36_5__874516.jpg,0.136
2021_3_27__14_36_5__978431.jpg,0.136
2021_3_27__14_36_6__77874.jpg,0.136
2021_3_27__14_36_6__177227.jpg,0.136
2021_3_27__14_36_6__280777.jpg,0.136
2021_3_27__14_36_6__379319.jpg,0.136
2021_3_27__14_36_6__481093.jpg,0.139
2021_3_27__14_36_6__579747.jpg,0.139
2021_3_27__14_36_6__679463.jpg,0.143
2021_3_27__14_36_6__780951.jpg,0.143
2021_3_27__14_36_6__881379.jpg,0.143
2021_3_27__14_36_6__984810.jpg,0.143
2021_3_27__14_36_7__85264.jpg,0.143
2021_3_27__14_36_7__190099.jpg,0.133
2021_3_27__14_36_7__289510.jpg,0.133
2021_3_27__14_36_7__388275.jpg,0.133
2021_3_27__14_36_7__488073.jpg,0.126
2021_3_27__14_36_7__588485.jpg,0.126
2021_3_27__14_36_7__689367.jpg,0.126
2021_3_27__14_36_7__791851.jpg,0.126
2021_3_27__14_36_7__894277.jpg,0.126
2021_3_27__14_36_7__990906.jpg,0.126
2021_3_27__14_36_8__91066.jpg,0.126
2021_3_27__14_36_8__192928.jpg,0.126
2021_3_27__14_36_8__293063.jpg,0.112
2021_3_27__14_36_8__396388.jpg,0.068
2021_3_27__14_36_8__495805.jpg,0.068
2021_3_27__14_36_8__595643.jpg,0.068
2021_3_27__14_36_8__695547.jpg,0.068
2021_3_27__14_36_8__795570.jpg,0.071
2021_3_27__14_36_8__900979.jpg,0.109
2021_3_27__14_36_8__996947.jpg,0.129
2021_3_27__14_36_9__97553.jpg,0.15
2021_3_27__14_36_9__196950.jpg,0.167
2021_3_27__14_36_9__296854.jpg,0.184
2021_3_27__14_36_9__401258.jpg,0.197
2021_3_27__14_36_9__504901.jpg,0.218
2021_3_27__14_36_9__604494.jpg,0.221
2021_3_27__14_36_9__705304.jpg,0.221
2021_3_27__14_36_9__804793.jpg,0.221
2021_3_27__14_36_9__909099.jpg,0.218
2021_3_27__14_36_10__11378.jpg,0.214
2021_3_27__14_36_10__111378.jpg,0.207
2021_3_27__14_36_10__213976.jpg,0.187
2021_3_27__14_36_10__313683.jpg,0.15
2021_3_27__14_36_10__413396.jpg,0.112
2021_3_27__14_36_10__514789.jpg,0.105
2021_3_27__14_36_10__614639.jpg,0.082
2021_3_27__14_36_10__714704.jpg,0.054
2021_3_27__14_36_10__814307.jpg,0.054
2021_3_27__14_36_10__914922.jpg,0.054
2021_3_27__14_36_11__14744.jpg,0.054
2021_3_27__14_36_11__116115.jpg,0.054
2021_3_27__14_36_11__217749.jpg,0.054
2021_3_27__14_36_11__319166.jpg,0.095
2021_3_27__14_36_11__417953.jpg,0.095
2021_3_27__14_36_11__518119.jpg,0.095
2021_3_27__14_36_11__618370.jpg,0.095
2021_3_27__14_36_11__718828.jpg,0.085
2021_3_27__14_36_11__821840.jpg,0.068
2021_3_27__14_36_11__920084.jpg,0.065
2021_3_27__14_36_12__25480.jpg,0.051
2021_3_27__14_36_12__123898.jpg,0.037
2021_3_27__14_36_12__224974.jpg,0.037
2021_3_27__14_36_12__325720.jpg,0.037
2021_3_27__14_36_12__423748.jpg,0.037
2021_3_27__14_36_12__524627.jpg,0.037
2021_3_27__14_36_12__624155.jpg,0.037
2021_3_27__14_36_12__727321.jpg,0.037
2021_3_27__14_36_12__829645.jpg,0.037
2021_3_27__14_36_12__929457.jpg,0.037
2021_3_27__14_36_13__31316.jpg,0.037
2021_3_27__14_36_13__131483.jpg,0.037
2021_3_27__14_36_13__237766.jpg,0.037
2021_3_27__14_36_13__337180.jpg,0.037
2021_3_27__14_36_13__438211.jpg,0.037
2021_3_27__14_36_13__538111.jpg,0.037
2021_3_27__14_36_13__637818.jpg,0.037
2021_3_27__14_36_13__738340.jpg,0.037
2021_3_27__14_36_13__838021.jpg,0.037
2021_3_27__14_36_13__938052.jpg,0.037
2021_3_27__14_36_14__42732.jpg,0.037
2021_3_27__14_36_14__143044.jpg,0.037
2021_3_27__14_36_14__243627.jpg,0.037
2021_3_27__14_36_14__344588.jpg,0.037
2021_3_27__14_36_14__444926.jpg,0.037
2021_3_27__14_36_14__546834.jpg,0.037
2021_3_27__14_36_14__648444.jpg,0.037
2021_3_27__14_36_14__748977.jpg,0.037
2021_3_27__14_36_14__850092.jpg,0.037
2021_3_27__14_36_14__951807.jpg,0.041
2021_3_27__14_36_15__52246.jpg,0.044
2021_3_27__14_36_15__152041.jpg,0.044
2021_3_27__14_36_15__253958.jpg,0.044
2021_3_27__14_36_15__352422.jpg,0.044
2021_3_27__14_36_15__453080.jpg,0.044
2021_3_27__14_36_15__552718.jpg,0.044
2021_3_27__14_36_15__666607.jpg,0.044
2021_3_27__14_36_15__766630.jpg,0.044
2021_3_27__14_36_15__863024.jpg,0.044
2021_3_27__14_36_15__963643.jpg,0.044
2021_3_27__14_36_16__63278.jpg,0.044
2021_3_27__14_36_16__162028.jpg,0.044
2021_3_27__14_36_16__264049.jpg,0.044
2021_3_27__14_36_16__364254.jpg,0.044
2021_3_27__14_36_16__465684.jpg,0.044
2021_3_27__14_36_16__566744.jpg,0.044
2021_3_27__14_36_16__672792.jpg,0.044
2021_3_27__14_36_16__772727.jpg,0.044
2021_3_27__14_36_16__871923.jpg,0.044
2021_3_27__14_36_16__971968.jpg,0.044
2021_3_27__14_36_17__72292.jpg,0.044
2021_3_27__14_36_17__173695.jpg,0.044
